src,data_founded,data_founder,data_hq,data_website
imgs/1fGn1Xqra34_QFSTQAOyQZltptDmQwVjA.png,2013,Ezhil Subbian and Vinod Kumar,"Bangalore  Karnataka,  India",http://www.stringbio.com/
imgs/1Jqy70e6izqFw4-yUCKFCnHa6kKrMNB7v.png,2019,Lisa Dyson,"Berkeley  California,  USA",http://www.airprotein.com/
imgs/1_pzr5b52BoJoRoc17AsStSvUNaFnBuYs.png,1995,Willy Verstraete,"Wondelgem, Belgium",http://www.avecom.be
imgs/11MZ57Dd3QLgMAwhVqFhNOQ-y-xwCS6De.png,2018,"Pete Rowe, Rob Mansfield and Bart Pander","Nottingham,  United Kingdom",https://deepbranchbio.com/
imgs/1h___-QLTaYKB3I_C_zKYqPMjkaWYc9SS.png,2015,University of Tokyo,"Tokyo,  Japan",https://co2.co.jp/
imgs/1niyornGNHpdtB5PrILDLEjAzdrCeKoAK.png,2017,Pasi Vainikka and Dr Juha-Pekka Pitkänen,"Lappeenranta,  Finland",https://solarfoods.fi/
imgs/1y0UNJqRKC42eRqV0cx5ZBlmkbwHFiXT4.png,2016,Elliot Roth and Surjan Singh,"Los Angeles  CA,  USA",https://www.spirainc.com/
imgs/13mo4-f4YXG88K4dlok3Edqyjq7WbI9Jj.png,2001,Ebbe Busch Larsen,"Camden,  London",https://www.unibio.dk
imgs/1URwVWHgiXIsU8MkM8enefeV1WVj5PN9i.png,2019,Tiziano Barberi and Dave Schnettler,"New York  NY,  USA",http://www.labfarmfoods.com
imgs/1HHbnfo0WpPqioLKT8tp69VcYlfyTQ_hl.png,2019,"Dr. Kris Blanchard with three partners, Dr. Maria Soledad Gutiérrez, Randall Cossio, and Dr. Andrea Villanueva","Santiago, Chile",http://www.luyef.com
imgs/1bgnwMgXVYu5uD7GzuTHn6S7NzDGsyfN8.png,2019,Leonardo Marcovitz,"Tel Aviv, Israel",http://www.more-foods.co/
imgs/1teL_XdgU1GNs3GFobLgxlCLe1PqES_Mk.png,2020,Gastón Paladini; Martín Salinas; Henk Hoogenkamp,"Warwick, United Kingdom",http://www.moolecscience.com
imgs/1ql48ffLQ9zuk8YM0SNQjcP_J0dETA_BA.png,2020,Hideyuki Sasaki; Ryo Shirai;,"Shinjuku-ku, not understood",http://nextmeats.us/
imgs/12QqfTs0_M2vNzbbjK0_mvgFaJZL7vDLh.png,2019,Darcey Macken and Jorge Azevedo,"Lafayette, USA",http://Www.Eatplanyerra.com
imgs/1CIdH5E2I37d56dqiZwD8a3Szsz0tkW1Q.png,2019,"Alexander Kiselev, Sergey Dodonov, Anton Sharikov","Moscow, Russia",http://welldone.green
imgs/1f2NhlOHmoIlPrgDGPnB_rhORLafIZ884.png,2019,David C Winegar: Giovanni Vaccaro,"Helsinki, Finland",http://plantagusto.com
imgs/1oA4i5R5oFcMRRclsvhqMxVQ3m69AX9dY.png,2014,Christian Louis de Pietro; Guilherme Sayegh,"Atibaia, not understood",http://www.geronimofoods.com.br
imgs/1s-8QLsbwA87jUKa83fsKcFMEWujmLiPb.png,2019,Patricia Bubner; Samet Yildirim; Gabriel Levesque-Tremblay,"San Francisco, USA",http://www.orbillion.com
imgs/1IiijXWFk7i6fb0qs8tw01M4oGPobCQfc.png,2017,Didier Toubi and Shulamit Levenberg,"Rehovot,  Israel",https://aleph-farms.com/
imgs/1rLis4dxBf2akBlYpWNpN3CCdXcD2neyh.png,2013,Mark Post and Peter Verstrate,"Maastricht,  The Netherlands",https://www.mosameat.com/
imgs/1Igki1_C5VAuFMMyT9KKarSfEvU8uVCv3.png,2018,Yohai Ben Zikri and Arturo Geifman,"Hod Hasharon,  Israel",https://www.biofood-systems.com/
imgs/19P28EDhcLA8RrFmC2dqh56p_VYkENyGv.png,2019,Sharon Fima,"Ness Ziona,  Israel",https://meatech3d.com/
imgs/1YaYc3xaHitHgd_6fIhi8rIDwwr0-UcWA.png,2019,Sofia Giampaoli,"Buenos Aires,  Argentina",https://cellfarmfoodtech.com/
imgs/1P1sXRQ3RDgUkDcVbRp9ZNmtz4kCQKhhi.png,2020,Paul Bevan,"St Kilda, Australia",http://magicvalley.com.au/
imgs/1Fxy98Yvg3zEvy2Ltl986B4Ix6ZsyJ6Er.png,2019,"VINAYAKA SRINIVAS, HUNG NGUYEN","Singapore, Singapore",http://GAIAFOODS.XYZ
imgs/1teL_XdgU1GNs3GFobLgxlCLe1PqES_Mk.png,2020,Gastón Paladini; Martín Salinas; Henk Hoogenkamp,"Warwick, United Kingdom",http://www.moolecscience.com
imgs/1WC2HXpSfZo7Lwdw9JwNcOAfIxn1QDwGp.png,2020,Paul Bartels; Elize Venter,"Cizur Menor, South Africa",http://www.mogalemeat.com
imgs/1Fu0tQWFQb11hpjntHeVJ9KniLVcDeVx3.png,2017,Glen Illing,"Edinburgh, United Kingdom",http://roslintech.com
imgs/12QqfTs0_M2vNzbbjK0_mvgFaJZL7vDLh.png,2019,Darcey Macken and Jorge Azevedo,"Lafayette, USA",http://Www.Eatplanyerra.com
imgs/1ekrjwgXo6C8iZtJjJfHeWQBW6z33NQi9.png,2020,Ziliang Yang; Ran Liu,"Shanghai, China",http://cellx.tech
imgs/1s-8QLsbwA87jUKa83fsKcFMEWujmLiPb.png,2019,Patricia Bubner; Samet Yildirim; Gabriel Levesque-Tremblay,"San Francisco, USA",http://www.orbillion.com
imgs/1n2O2Xqx5pwXYKt6k6UAX3qkcgFtq6uNY.png,2015,Uma Valeti and Nicholas Genovese,"San Francisco  CA,  USA",http://www.memphismeats.com/
imgs/1ogZcjdwHUWg_5YM10cLWP_Kcl5X0Qnxe.png,2019,Jess Krieger and  Joshua March,"San Francisco  CA,  USA",https://artemysfoods.com/
imgs/14nJ7UgPTLN9GMf6s7nZUrzI-OopW_leS.png,2018,PROF. YAAKOV NAHMIAS,"Jerusalem,  Israel",https://future-meat.com/
imgs/1mNvIpn_GUgDfNJEiRBhPnbQw6fdrUHi9.png,2019,"Askar Latyshev, Albert Rizvanov and Elena Zakirova","Kazan,  Russia",http://artmeat.pro/
imgs/1Gb8xlkQv7pxipe4Mvh3XuJ9pxhVjAz-1.png,2011,"Josh Balk, Josh Tetrick","San Francisco  CA,  USA",https://www.ju.st/en-us/stories/clean-meat#!
imgs/1EbErhd11jzTX00E_gpNKjp1P4w33ex1n.png,2020,Jay Van Der Walt and Brett Thompson,"Johannesburg,  South Africa",https://mzansimeat.co/
imgs/1temMk8-ETqsGwRWOrdh4N34hhX22hQfv.png,2018,David Bowman and Eitan Fischer,"Berkeley  CA,  USA",https://missionbarns.com/
imgs/1U0Bsl4yh20vP7diDsfRX_S_17jt2sdPj.png,2016,Illtud Llyr Dunsford,"FELIN Y GLYN,  GB",https://www.cellularagriculture.co.uk/
imgs/1HHbnfo0WpPqioLKT8tp69VcYlfyTQ_hl.png,2019,"Dr. Kris Blanchard with three partners, Dr. Maria Soledad Gutiérrez, Randall Cossio, and Dr. Andrea Villanueva","Santiago, Chile",http://www.luyef.com
imgs/12QqfTs0_M2vNzbbjK0_mvgFaJZL7vDLh.png,2019,Darcey Macken and Jorge Azevedo,"Lafayette, USA",http://Www.Eatplanyerra.com
imgs/1f2NhlOHmoIlPrgDGPnB_rhORLafIZ884.png,2019,David C Winegar: Giovanni Vaccaro,"Helsinki, Finland",http://plantagusto.com
imgs/1oA4i5R5oFcMRRclsvhqMxVQ3m69AX9dY.png,2014,Christian Louis de Pietro; Guilherme Sayegh,"Atibaia, not understood",http://www.geronimofoods.com.br
imgs/1ncT2f23oemirRgnOYxZgAwPa1z1ZX1uU.png,2019,"Nicolas Morin-Forest, Antoine Davydoff and Victor Sayous","Paris,  France",https://gourmey.com/en/
imgs/14eNSV5xDWqe9NQEfZOEosHsaTB-YOWmd.png,2018,"Pawan Dhar, Kartik Dixit, Siddharth Manvati","Delhi,  India",https://www.clearmeat.com/
imgs/1DdE5H2Kfl-otWbu4g2_L0fi5e7IGjZbe.png,2015,Yuki Hanyu,"Shinjuku City,  Japan",https://integriculture.jp/
imgs/1I_9xciaic8rj8TwmtDT4jtI6bGnFttEA.png,2015,Rich Kelleman and Pernilla Audibert,"Boulder  CO,  USA",https://www.bondpets.com/
imgs/1TmWwrrG-2az2DWtGl4Pp9x5Dj8fpgsV6.png,2019,Sharon Fima,"Ness Ziona,  Israel",https://meatech3d.com/
imgs/1SreGWzLRhlHJYTs2MnLHRtw1At1wwTc1.png,2019,"David Brandes, Dirk von Heinrichshorst, Eva Sommer","Antwerpen,  Belgium",http://peace-of-meat.com/
imgs/1VpZ9uO6m-OfKMMfVQv02_lhgMUQePWE5.png,2015,"Ido Savir, Koby Barak, Shir Friedman","Tel Aviv,  Israel",https://www.supermeat.com/
imgs/14LZcjzGdHh8Nk8b4U-OEeb9H_67NWwGe.png,2018,"Benjamina Bollag, Stephanie Wallis","London,  United Kingdom",https://www.highersteaks.com/
imgs/1HHbnfo0WpPqioLKT8tp69VcYlfyTQ_hl.png,2019,"Dr. Kris Blanchard with three partners, Dr. Maria Soledad Gutiérrez, Randall Cossio, and Dr. Andrea Villanueva","Santiago, Chile",http://www.luyef.com
imgs/1etu1Vpm5Zlu-Ns18k6i_8E1F4WnnKBXx.png,2019,George Peppou and Tim Noakesmith,"North Parramatta, Australia",http://www.vowfood.com
imgs/1vQxTxKcD5ojiigh_3at14Qa25RnAPhRt.png,2018,Brian Spears,"Berkeley, United States",http://www.newagemeats.com
imgs/1bgnwMgXVYu5uD7GzuTHn6S7NzDGsyfN8.png,2019,Leonardo Marcovitz,"Tel Aviv, Israel",http://www.more-foods.co/
imgs/1teL_XdgU1GNs3GFobLgxlCLe1PqES_Mk.png,2020,Gastón Paladini; Martín Salinas; Henk Hoogenkamp,"Warwick, United Kingdom",http://www.moolecscience.com
imgs/12QqfTs0_M2vNzbbjK0_mvgFaJZL7vDLh.png,2019,Darcey Macken and Jorge Azevedo,"Lafayette, USA",http://Www.Eatplanyerra.com
imgs/1f2NhlOHmoIlPrgDGPnB_rhORLafIZ884.png,2019,David C Winegar: Giovanni Vaccaro,"Helsinki, Finland",http://plantagusto.com
imgs/1oA4i5R5oFcMRRclsvhqMxVQ3m69AX9dY.png,2014,Christian Louis de Pietro; Guilherme Sayegh,"Atibaia, not understood",http://www.geronimofoods.com.br
imgs/1DGafhqHKRx8vUjyjXOIx-glVxzvAqy04.png,2017,Anita Broellochs,"San Francisco  CA,  USA",http://balleticfoods.com/
imgs/1JysXLjmR1vb47pspfcl9aOXdgs0sIxcl.png,2017,Mercedes Vila Juárez,"San Sebastián,  Spain",https://www.biotech-foods.com/
imgs/1aEoaKvOEyQtjYxblVf6Y9jSu29W3TnXa.png,2018,"Krijn de Nood, Daan Luining and Mark Kotter","Delft,  Netherlands",https://meatable.com/
imgs/1sgQvMSsLW7a5tlP79spDA9ONaM0Z6piM.png,2018,Niya Gupta and Gabor Forgacs,"New York  NY,  USA",https://www.forkandgoode.com/
imgs/1GOnd2fhBm3V3WP0m_rzHPQs2nEBnX4cu.png,2020,Monica Talbert,"Grimstead, United States",http://plantbasedseafoodco.com
imgs/1-2o9ZFHOvv_Pan84o3alxw1oxL3-Jgha.png,2020,"Sebastian Rakers, Simon Fabich","Berlin, Germany",http://www.bluu.bio
imgs/1BYVfpJRq63-7ZZ0CoMSuxhEvwIZ8cygy.png,2019,"Darren Nesbeth
Henri Kunz","Amsterdam, not understood",http://www.Magiccaviar.com
imgs/1f2NhlOHmoIlPrgDGPnB_rhORLafIZ884.png,2019,David C Winegar: Giovanni Vaccaro,"Helsinki, Finland",http://plantagusto.com
imgs/1FOyuxVDrBiPtRaLrP1ihQSj26OYXA_Wr.png,2015,Ocean Hugger Foods,"New York, United States",https://oceanhuggerfoods.com/ahimi
imgs/1Sq0IDstSXV5FMSLGx7sd6U3bpM4GE02d.png,2019,Eben Bayer,"Green Island, United States",https://www.atlastfood.co/
imgs/1U49G6PBxsP73fSde7Q5fln5NJy9fcaV5.png,2018,Carrie Chan,"Hong Kong, China",https://www.avantmeats.com/
imgs/1EolY6WAjivJr22flWW-hHMGkfYn3cGsX.png,1992,Marie-Dominique and Patrick,"Brittany , France",https://marinoe.fr/
imgs/1J5jKOThwFqlCmhpNT2Mx-hAMQy1w7w6L.png,2016,Tyler Huggins,"Boulder, United States",https://meati.com/
imgs/1kvh0dmq4YN0E2Ah8McnmgwZmv2ylGDYE.png,2015,Dominique Barnes,"San Francisco, United States",https://www.newwavefoods.com/
imgs/1Bq2NK458Y3x-ia5OfDYoijbPOaUQ80sz.png,1985,Marlow Foods Ltd,"Stokesley, United Kingdom",https://www.quorn.us/about-quorn
imgs/1dAAERpFAn1iQH1Sh36HQ0P8ue5vvjMYP.png,2015,Willem Sodderland,"Amsterdam, Netherlands",https://www.seamorefood.com/
imgs/1FOyuxVDrBiPtRaLrP1ihQSj26OYXA_Wr.png,2019,Ocean Hugger Foods,"New York, United States",https://oceanhuggerfoods.com/unami
imgs/1N3bloWTPYRAfpHQjvjoe4NBWubiU_z04.png,2020,Shelly Van Cleve,"Grimstead, United States",https://vancleveseafood.com/blogs/news/wild-skinny-clean-plant-based-products-now-on-wild-skinny-clean-com
imgs/15jCzR5VC1zmTB24gqXwWulmyRZ9_RrHu.png,2020,"Julian Hallet, Robin Drummond","Munich, Germany",https://www.happyoceanfoods.com/team
imgs/1aE5EH2NIxo46w5DdPKalXVgi15gWVSA5.png,2017,Kimberlie Le and Joshua Nixon,"Berkeley, United States",https://www.primeroots.com/
imgs/1wGyxBLNhW6hPlL3lrRYz436EVTDmmwUP.png,1963,Sophia Maroon,"Landgraaf, Netherlands",https://www.sofinefoods.com/en/
imgs/1zI6qZbsVU5xEFdSjL9hO6em4N74XaEOH.png,2017,Michael Selden and Brian Wyrwas,"Emeryville  CA,  USA",https://finlessfoods.com/
imgs/1zYyEMwXTH-hCyXfUe7u5WUWh7j2oHZmN.png,2018,Josh Pollack and Valentin Fulga,"Toronto,  Canada",https://cellagtech.com/
imgs/1ATI_ejt6jwPX4IvKieyR3IxK8QPVEcnF.png,2017,"Lou Cooperhouse, Chris Somogyi and Chris Dammann","San Diego  CA,  USA",https://www.bluenalu.com/
imgs/1_l_W0UN90826ZxsLJE_AAJWb_dyhdFoQ.png,2020,John Pattison and Ian Johnson,"Madison  WI,  USA",https://www.cultureddecadence.com/
imgs/1q7lyM4K6vhXBGCdpU4P8YQGy9nPQnwAw.png,2018,Alain Rostain,"Seattle  WA,  USA",https://cleanresearch.org/
imgs/1suVHv8XeFnBnmIy1o0oH37foDW9CESxo.png,2016,"Justin Kolbeck, John Melas-Kyriazi and Aryé Elfenbein","San Francisco  CA,  USA",https://www.wildtypefoods.com/
imgs/1haHQ81aQ0xpu16GLwBePsoxJcySRJZti.png,2018,"Sandhya Sriram, Ka Yi Ling","Singapore,  Singapore",https://shiokmeats.com/
imgs/12_xWWx56_BnKXEhD34OOrQK04ImznlN2.png,2020,Mihir Pershad,,https://www.umamimeats.com/
imgs/1CYZchelg9zshctaRqNPN04lfWOx64ulB.png,2016,Chad and Derek Sarno,"Newtown,  Pennsylvania",https://goodcatchfoods.com/
imgs/1EZq05LzKLO7KixlRSjtFBOrGvfkMjfJd.png,2019,Jacek Prus,"San Francisco,  California",https://kuleana.co/
imgs/190J2EK6poOpP69iq5cOQqsgEOagEFPOT.png,1905,,"Nashville  North Carolina,  USA",https://atlanticnaturalfoods.com/loma-linda/#
imgs/1My0OPDeZYV4ar4uN1In42_KINrxW2KBW.png,2019,"Paul den Dulk, Katja Busser and Maiko van der Meer","Breda,  Netherland",https://www.novish.eu/
imgs/1iBCXoupEp8WwOIzbUryZybqOwCCcfv4B.png,2015,Ko and Lindsey CUNNINGHAM,"Boulder  Colorado,  USA",https://rollingreens.com
imgs/1Ws--lDipSIUKGuKi8KCDhdBJtg85eU3G.png,2011,Eugene Wang,"Sebastopol  California,  USA",https://www.sophieskitchen.com/
imgs/1aCw3OJc-GzTS_EwZl7w9BNXhrDc1JXVc.png,2018,"Atlantic Natural Foods, LLC","Nashville  North Carolina,  United States",https://atlanticnaturalfoods.com/tuno/
imgs/1wZ2qCWHSalHACKzJXBKVHA7BfyWYRe4n.png, ,Pedro Álvarez,"Madrid ,  Spain",http://mimicseafood.com/
imgs/1-9PF_0ftvC0jIFaf8e4_sBh8wMWwMqzT.png,1996,Chen Shun-ho,"Taipei,  Taiwan",https://www.vegefarmglobal.com/
imgs/1cv1_6q9yKb5MnkO29gCHZrXsYX-RahkN.png,1919,Jack Cohen,"Welwyn Garden City,  United Kingdom",https://www.tesco.com/
imgs/1B8Ls8vtG4l6AlCo8uRQg3h1Wd8lezhZF.png,1978,Windmill Organics Ltd,"Kingston Upon Thames,  United Kingdom",https://www.bonsan.co.uk/
imgs/167qWyRv9zHidJxtQBnXyh-xJ8pfU8Xcc.png,2015,Daniel Liboissonnault,"Middleburg,  Virginia",https://www.plantbasedfoods.com/
imgs/1cLzUU3Q78DmeKJbtd2X0iEjFV6lb3RS_.png,1998,Vege USA,"Monrovia  California,  United States",http://vegeusa.com/
imgs/1bquHZt4jT01Dqu1iw6Ml4ZH_HotSL66n.png,2019,"Deniz Ficicioglu, Jacob von Manteuffel","Berlin,  Germany",http://betterfish.de
imgs/19ZMxaJMU2v00lWauHGpBM4nYG9mrJR7f.png,2017,"Theresa Rothenbücher, Robin Simsa, Hakan Gürbüz","Vienna,  Austria",https://revo-foods.com/
imgs/1szoPnwlkv_D1qJBjI2xqMt0wEykyQLtj.png,2011,,"Vero Beach  FL,  US",http://www.parabel.com
imgs/1MN8zROiDSGyPCOjKe7P8oAZx9wy4p2Od.png,2014,Perumal Gandhi and Ryan Pandya,"San Francisco  CA,  USA",http://www.perfectdayfoods.com/press-media-kit/
imgs/1Zx7lCvqUO3iIUlLtWfJJUydht29FHYAA.png,2019,"Fengru Lin, Mkulima Britt and Max Rye","Singapore, Singapore",http://turtletreelabs.com
imgs/1nakJ-4dpiYGpwsHdUdeT-bhNhzX85Cvx.png,2019,Kobi Regev,"New York, United States",http://pleesecheese.com
imgs/1RoGaWVDVp9i5pNK6_h_IjC_D-oooRBq_.png,2018,"Matt Gibson, Inja Radman","Oakland, United States",http://www.newculturefood.com
imgs/1zGMo8HAQNXdWQOrBDd-rt88IHrvp3FHz.png, ,,"Tel Aviv, Israel",http://re-milk.com
imgs/1ky7vNQPx9SympovKzXZLOqP64UcfLOLC.png,2020,Jaap Korteweg; Niko Koffeman,"Ghent, Belgium",http://www.thosevegancowboys.com
imgs/1teL_XdgU1GNs3GFobLgxlCLe1PqES_Mk.png,2020,Gastón Paladini; Martín Salinas; Henk Hoogenkamp,"Warwick, United Kingdom",http://www.moolecscience.com
imgs/1vOJqcYjwlG2Zcq-bhKCI4qYx2V5PQ7_E.png,2018,Tomer Aizen; Nathaniel Benchemhoun; Dr. Nurit Argov-Argaman; Dr. Merav Beiman,"IL Rechovot, Israel",http://www.biomilk.com
imgs/1xmQFS0tATq3ReXfiyHBxCLyr5V6rnk_F.png,2020,Michelle Egger and Leila Strickland,"Durham  NC,  USA",https://www.biomilq.com/
imgs/1k7FQgd3pBKNEGAIt9e9pfMqjw9_zV-yA.png,2019,Raffael Wohlgensinger,"Berlin,  Germany",https://www.legendairyfoods.de/
imgs/1HkOJRuKX9eSRzdCxS9FejAHbJ0y4CPr7.png,2001,Carbery Group,"Wauconda  Illinois,  United States",https://www.synergytaste.com
imgs/1K-5eX4T9wKMjPqk1FM_faaQ0kK1BWbbF.png,2019,"Ori Cohavi, Aviv Wolff","Tel Aviv,  Isreal",https://www.remilk.com/
imgs/1Y7xASgrxOMuSdmFroZtaec53irlg9m79.png,2020,"Jevan Nagarajah, Christopher Reynolds","London,  United Kingdom",http://betterdairy.co.uk
imgs/1teL_XdgU1GNs3GFobLgxlCLe1PqES_Mk.png,2020,Gastón Paladini; Martín Salinas; Henk Hoogenkamp,"Warwick, United Kingdom",http://www.moolecscience.com
imgs/1cK7TaFT3UyP-7_X6BWWQo74kOV_nGVzC.png,2019,"Prof. Dr. Darren Nesbeth
Maria Zakurnaeva 
Henri Kunz","Amsterdam, not understood",http://www.Magiccaviar.com
imgs/1BYVfpJRq63-7ZZ0CoMSuxhEvwIZ8cygy.png,2019,"Darren Nesbeth
Henri Kunz","Amsterdam, not understood",http://www.Magiccaviar.com
imgs/11NANiAT3hR5PI9jRXRXnOhZ_3aHEn5G4.png,2019,"Darren Nesbeth, Henri Kunz and Maria Zakurnaeva","Amsterdam, not understood",http://www.GENEUSBIOTECH.com
imgs/1FRcOesu2sGqndiPmayEvOcfGzCh3nTLO.png,2011,Wim de Laat,"Breda,  Netherlands",https://www.bioscienz.nl/
imgs/1anzRjuIn_t9jjRkvIKyoupdF89IA9DZ6.png, ,,"Canberra, Australia",https://nourishing.io/
imgs/1aEJALw8T77qYaoWNJlNSUMvZrxuWx0ns.png,2020,Max Jamilly; Ed Steele,"London, United Kingdom",http://hoxtonfarms.com
imgs/10GB8QKvpdNdkUrs77XmKuZFPU5AudfH7.png,2018,Andres Montefeltro and Raquel Revilla,"Granollers,  Spain",https://www.cubiqfoods.com/
imgs/1RBQzBmw4YHgUBL4WvAmZ8w9D6dZxrpHb.png,2018,David Bowman and Eitan Fischer,"Berkeley  CA,  USA",https://missionbarns.com/
imgs/1toX5ovR3dLi6DOh1hrERgOMtjkZ1plBh.png,2019,"David Brandes, Dirk von Heinrichshorst, Eva Sommer","Antwerpen,  Belgium",http://peace-of-meat.com/
imgs/1_nXzRRyzSSkl-_TGuuyB-pkpXruXlxXt.png,2019,"Steffen Sonnenberg, Dat Tran, Joe Natoli and Bernd Boeck","Leipzig,  Germany",http://alifefoods.de/en/
imgs/1i9l8aNEgKTFvopcljc0NQrjeq8k05BlM.png,2016,Christian Ewton,"San Francisco  CA,  USA",http://www.provenance.bio/
imgs/1YdjunKqAvujcKf2TCgIZx3uSpTcgmLza.png,2015,Alexander Lorestani and Nick Ouzounov,"San Francisco  CA,  USA",https://geltor.com/
imgs/1xYHxccZ3ngC6zqKUPfuo9NtADEGeWCvN.png,2014,Lisa Rich,"Seattle  Washington,  United States",http://www.hemisphere.com/
imgs/1Fx2iloRBcmWoI5kBn1FxOESjdxWuSmi6.png,2014,Jan Saam,"Berlin, Germany",http://www.ospin.de
imgs/1QdKF_h4UE48wEg0yBtTbgxZAL9HEBrWl.png,2019,"Kevin Pan, Cai Linton, Reka Tron","London, United Kingdom",http://www.multus.media
imgs/1KFvtaYoCYR1gNIIdEa6kQ130wnoIRCms.png,2015,Yuki Hanyu,"Shinjuku City,  Japan",https://integriculture.jp/
imgs/1eKi8AqzEodovpW0JwfjGZowz5WrjJP_x.png,2019,"Leo Groenewegen, Martina Miotto and Che Connon","Newcastle upon Tyne,  United Kingdom",https://cellularevolution.co.uk/
imgs/1rI-5yiJ1LtXNnAOvkrViqmRVRXAkdFPG.png,2017,Nick Beaumont,"South Brisbane,  Australia",https://www.heuros.com/
imgs/1HI22AuaRlEM5BMzOIL49_dCc2PevVSsU.png, ,"Maria Zakurnaeva, Henri Kunz","Netherlands,  EU",https://www.furoid.com/
imgs/1bv9O1LxZ1Del6GSWhkOT70F5JdF8bsYu.png,2013,"Beth Rasala, Daniel Sachs, Jason Pyle, Miller Tran, Nick Hofmeister, Stephen Mayfield and William Julien","San Diego  CA,  US",https://www.tritonai.com/
imgs/1iDSvVZbTGhoUalHZ9ZJcq5mc2H918pN7.png,2019,"Eugene Wang, Kirin Tsuei and Barnabas Chan",,https://sophiesbionutrients.com/
imgs/1jkEB92SRVBbpQLzCRab8HCCyr1NItQax.png,2019,Shannon Falconer and Joshua Errett,"Philadelphia  PA,  USA",https://becauseanimals.com/
imgs/1yDwzmh2q-H3mLcUZ4l4NHoYwYhSaL-Ew.png,2017,Ryan Bethencourt,"Berkeley  CA,  USA",https://wildearth.com/
imgs/1HWFAdhqOags4tWfZnXvIjGEr-IQPTz-F.png,2015,"Rich Kelleman, Pernilla Turner Audibert","Boulder  CO,  USA",https://www.bondpets.com/
imgs/1KSSkxHn6tr9p-iVSvUOPOXVLEODly0Os.png,2015,"Charles M. Cuerrier, Andrew E. Pelling, Daniel Modulevsky","Ottawa, Canada",http://whiteboardfoods.com
imgs/1laEDttigO0PqzR5jea26WubbLMaG_9-C.png,2017,Francisco Javier Larumbe Beramendi; Daniel Rico Aldaz,"Cizur Menor, España",http://cocuus.com/
imgs/1qm-9Joa1j32Zy6cPwQjInpN4hjeHxwM2.png, ,Ecovative Design,"Green Island  NY,  USA",https://www.excell.bio/
imgs/1x7BAJpbSShg___oB5kbe2Zvjfqzd0kC4.png,2018,Leonard Lerer,"Chicago  IL,  USA",https://www.algaesciences.com/
imgs/1VfQl9k4dCezgn4SgyvzY-GRX5vY5nHFZ.png,2014,Viknish Krishnan-Kutty,"Lund,  Sweeden",https://www.cellevate.com/
imgs/1lUbwn1-dhY0d50O520kkpk4AIf0uFGTZ.png,2020,"Eric Jenkusky, Ross Kayuha and Flavio Lobato","Columbus  OH,  USA",https://www.matrixmeats.com/
imgs/1o8nBxUYL3tR6s0beauCp2uFOWbboC8rD.png,2016,Christian Ewton,"San Francisco  CA,  USA",http://www.provenance.bio/
imgs/1SIJyXPnQq5LTsfpiTrephf_9StL46dHb.png,1988,Muyi Aina,"Bréal-Sous-Monfort  Brittany,  FR",http://www.solina-group.com
imgs/1fvR36HjOIx-MVPWWX_jQ7a85hRtb0umg.png,2014,Matias Peire,"Ciudad Autónoma de Buenos Aires,  Argentina",http://www.gridexponential.com
imgs/1B5IA9jMC7oRHk9MIndollVu2nWq2TD01.png,2015,Schelte Lettinga,"Haarlemmerbuurt,  Amsterdam",http://www.sparckitchen.nl
imgs/1bgnwMgXVYu5uD7GzuTHn6S7NzDGsyfN8.png,2019,Leonardo Marcovitz,"Tel Aviv, Israel",http://www.more-foods.co/
imgs/12aS-JA2pK8UJFDazpDNAuR0Ub_uH0c5g.png,2020,Gastón Paladini; Martín Salinas; Henk Hoogenkamp,"Warwick, United Kingdom",http://moolecscience.com/
imgs/1teL_XdgU1GNs3GFobLgxlCLe1PqES_Mk.png,2020,Gastón Paladini; Martín Salinas; Henk Hoogenkamp,"Warwick, United Kingdom",http://www.moolecscience.com
imgs/1laEDttigO0PqzR5jea26WubbLMaG_9-C.png,2017,Francisco Javier Larumbe Beramendi; Daniel Rico Aldaz,"Cizur Menor, España",http://cocuus.com/
imgs/1WC2HXpSfZo7Lwdw9JwNcOAfIxn1QDwGp.png,2020,Paul Bartels; Elize Venter,"Cizur Menor, South Africa",http://www.mogalemeat.com
imgs/1ql48ffLQ9zuk8YM0SNQjcP_J0dETA_BA.png,2020,Hideyuki Sasaki; Ryo Shirai;,"Shinjuku-ku, not understood",http://nextmeats.us/
imgs/12QqfTs0_M2vNzbbjK0_mvgFaJZL7vDLh.png,2019,Darcey Macken and Jorge Azevedo,"Lafayette, USA",http://Www.Eatplanyerra.com
imgs/1f2NhlOHmoIlPrgDGPnB_rhORLafIZ884.png,2019,David C Winegar: Giovanni Vaccaro,"Helsinki, Finland",http://plantagusto.com
imgs/1NBt7G4nvDUCt1bj1IWrtAHBWHZh4jdOD.png,1990,"Viktor Burányi, Imre Kupás","not understood, Hungary",http://plantrevolt.com
imgs/1Nvbkao_t0IvW6avPwJv8le8K--6EwCDt.png,2017,Kiki Wu,"Shenzen, China",www.starfieldcn.com/
imgs/1LTlZWPAyRco4_4cJQRwkq8SJlAoIp5vY.png,2019,Smithfield Foods,"Smithfield, United States",https://pure-farmland.com/
imgs/1hyRkLWvN7jocSJBzUYXgaCW4wMuzCCDr.png,2018,"Andy Shovel, Pete Sharman","London, United Kingdom",https://this.co/
imgs/1WfQjuCuJzhMifEcQOP9RpMo3HNhbEhhY.png,1980,Seth Tibbott,"Hoodriver, United States",https://tofurky.com/
imgs/1srClsuh9EIDpdMWr-oBNbhH1aidhxf4R.png,2019,Tyson,"Springdale, United States",https://www.raisedandrooted.com/?gclid=CjwKCAjw_Y_8BRBiEiwA5MCBJqpnxoWGZSYK7UGYHNLyxSGJssPM3IiwXQDP_9kDdEQSNuKXxuH5VhoC2qcQAvD_BwE
imgs/1Z8qAWEUTdkG3PbJXxiR6Hewvq6VrvpIV.png,2014,Erin Lichman,"Los Angeles, United States",https://unisoyjerky.com/shop/
imgs/1Jdp73x1p2HkMHFSXyeQYiNlhw5FSdxsq.png, ,,"Solothurn, Switzerland",https://unmeat.com/
imgs/18Ub57EX4SiuZFZO74gWec7yFoXzG1Ghy.png,2017,Sarah Hawken,"Croydon South, Australia",https://unrealco.com.au/
imgs/16lpcsG62qWLHrc-lZpSiC8ZX4z9slhVv.png,2006,Daniel Staackmann,"Chicago, United States",https://www.uptonsnaturals.com/
imgs/12J73W_21vNvVFxIkFyu9OPexIdUcsoDt.png,2019,Nick Hazell,"Sydney, Australia",https://www.v2food.com/
imgs/1NDx-qv-tSYWQdK0Z0gC3HJPoY89ym_Zj.png,2008,Bobeldijk Food Group,"Deventer, Netherlands",https://vegafit.com/
imgs/158DtFB5G8gRFbr69gV7c_6T-uJM_L-kn.png,2018,Illie Virozub,"London, United Kingdom",https://www.vegancartel.co.uk/
imgs/1I7At_Q0pWvxh3wshVYITleYZiL5rTo7T.png,2011,Jan Bredack,"Berlin, Germany",https://veganz.com/
imgs/1dPK2dlQt7X8Fy5z0IDSIDy3lmpYgR4mg.png,2012,Rocky Shepheard,"Carle Place,  United States",https://thevegg.com/
imgs/1TG8SQDYcBZZML8HvKTWGTMj4jFkv8skx.png,2010,,"Wiesbaum, Germany",https://veggielife.de/
imgs/1KSGUHw5B3wKL28KZtqWZt3grQ7n_Q2qz.png,2015,"Andreas Gebhart, Johann Tanzer","Sankt Georgen am Ybbsfelde, Niederösterreich, Austria",https://www.vegini.at/en/
imgs/1Gcd5vjUrLqnlDGpJgM7jJK9VO6auQATa.png,1990,Alfredo Pina,"Holten, Netherlands",https://vivera.com/
imgs/1WsmWInEnFZgWdOaIImr8biaAZ4N33T3P.png,1765,"Adriaan Wessanen, Dirk Laan","Amsterdam, Netherlands",https://www.wessanen.com/
imgs/1WTBVAK2ty3cilGQIcS8sazfmCKxiuYHJ.png,2014,"Michael Abramson, Toni Abramson","Toronto, Canada",https://yamchops.com/
imgs/1c2E1xQE0MKzgZUKn-AeTY5oUGzQzsD6y.png,1993,Heather Mills,"Corby, United Kingdom",https://www.vbites.com/
imgs/1CDyVaTPKNjmr-Vec7uPwyWD-8pfYV6cu.png,1939,Dr. George T. Harding III,"Worthington, United States",http://eatworthington.com/
imgs/1cWd08wdNFz2UyMXiJJOCGxjHOXZx-uiq.png,1985,Yves Potvin,"Marina Del Rey, United States",http://yvesveggie.com/en/
imgs/19FBzGBT-lRoxMQbyrsAyN9HDTBTrkQMA.png,2018,Otsuka Foods,"Tokyo, Japan",https://zeromeat.jp/
imgs/1VZGgBOevyAdLl9co7WbfFxKPKDj7UfWZ.png,2015,Loren Wallis,"Glendale, United States",https://alphaplantbased.com/
imgs/1I44a6o4nGxhX2KUgSn7Ge3LsCnAxJHxu.png,2019,Life Health Foods,"Berkeley Vale, Australia",https://altmeatco.com/
imgs/1xA-Mk1BhtfV_IU1XEST0FtJFG5HNl9h5.png,2017,Danny O'Malley,"San Diego  CA,  US",https://btbfoods.com/
imgs/1LaDXhXQWwQchiDSjgOHuD4g3S7OmWIjb.png,2009,Ethan Brown,"Los Angeles, United States",https://www.beyondmeat.com/
imgs/1gHinf4z4l_96ZF93_bnyIcEsKdsOPN1F.png,2019,"Sunny Kumar, Ismael Montanez","San Francisco, United States",https://blacksheepfoods.com/
imgs/1a_qWDfO3ax8PiUrPmlvdWcFN7G194rDT.png,2018,Ross MacKay,"Los Angeles, United States",https://daring.com/
imgs/1CV6mhGXfBZRXFSyKaOkFwSkHyrw8Ksb-.png,2016,"Christer Heimtoft, Richard Nystad, Fia Gullikkson","Trondheim, Norway",https://flowfood.no/?fbclid=IwAR1bIib66E3vT-Y3oL52o8aXDuoskECtCMc0aUU9WhLK12TvZdRoU7teeAY
imgs/1Q5Ldh1Ay6IoTGb3mqVk6ee9umUBTmSr_.png,2007,Valerie Williams,"Cincinatti, United States",https://foodiesvegan.com/
imgs/1KQRL5_Q-M1TTGMGXSyQoMII1bwFGSVBZ.png,2016,Abhishek Sinha,"Udaipur, India",https://www.gooddot.in/
imgs/1qSDU5vXErQDEB6JKJ0JMPwGrJHNU95zV.png,2019,"Georgii Zheleznyi, Yulia Marsel, and Artyom Ponomarev","Maloyaroslavets, Russia",https://en.greenwise.ru/
imgs/1RaW1RoyrhRd55F1Si3Cbx-1riyG6dqow.png,2014,Hormel Foods,"Austin, United States",https://www.happylittleplants.com/
imgs/1M1jFjwkzZmJk1yz6v6TY-v6d1OQr-sj2.png,2019,Sri Artham,"San Francisco , United States",https://www.hoorayfoods.com/
imgs/1l8rMFchH8BzVmMshNJq2gDlvlnnEdmrZ.png,2019,"Xun Jiang, Zihan Xie","Beijing, China",http://www.vestafoodlab.com/
imgs/1iC7HNM28cL-5ihvA28i1cLYUyh-A3V2G.png,2016,"Todd Boyman, Jody Boyman","St. Louis, United States",https://www.hungryplanetfoods.com/
imgs/1MB7PgslSp4ZrHFduER1veZzLJ9nOXVXT.png,2019,Bryony Tinn-Disbury,"London, United Kingdom",https://www.jackandbry.com/
imgs/1aDWFfZAHq9BRrqT-wpatkVUjRq1PaaBI.png,1991,Wally Fry & Debbie Fry,"Queensland, Australia",https://www.fryfamilyfood.com/uk/
imgs/1veArXZ-_5OLTYofSvkQglBGtLD0F_tAI.png,2009,Yves Potvin,"Richmond, British Columbia, Canada,  Canada",https://www.gardein.com/
imgs/13Wf0teYyOlZydAYd4qSy5VBd7jXzCWgx.png,1950,‎Ingvar Kamprad,"Delft, Netherlands",https://www.ikea.com/gb/en
imgs/1ZcXnDWbRLiZluGI5jdpOU3CJtNUblRXA.png,1994,Lee Mee Ng,"New York, United States",https://www.lilysveganpantry.com/
imgs/1DqKRg-InN1-ErtnR71V1SccRM-L8t2vM.png,1996,Dror Balshine,"Mississauga, Canada",https://solcuisine.com/
imgs/1rP17lzhA57nJ3XlWjuebUOlUZIdY2BCA.png,2010,Niko Koffeman,"Utrecht, Netherlands",https://www.thevegetarianbutcher.com/
imgs/1w7_0TZyDe_4HlxbYd6yvqprPUVI2O81z.png,2017,Courtney Boyd Myers,,https://akua.co/
imgs/1tUrb7aAu0hBv-ReOsA7jPNNpBVHxX2FD.png,2013,Alvyn Severien,"Malakoff,  Île-de-France",https://www.algamafoods.com/
imgs/1qaQzNOji6_1S0Jrr3c-gigBa-p8Zt8BT.png,2019,Friedrich John Schneider Philipp Götz,,https://alvego.de/
imgs/1vtLI6btvjwBPyE0aoqmN_mx3f9KWqRDi.png,2015,Friedrich Büse,"Stegaurach,  Bayern",https://www.amidori.com/
imgs/1aVGn9CfDTwbv0-J6jPNksvyEwTiqhObo.png,2017,Iván Jiménez,"Ciudad de México,  Mexico",https://asante.us/
imgs/1HXXaIoE6YD_f9GMalJi8ykMHFfw9LFed.png,2004,Michael Schertl,,http://www.vantastic-foods.com/
imgs/19UFo7yMzkzTf5zwbkajUcWWsxjGm_Fbh.png,1853,Louis Bonduelle & Louis Lesaffre,"VILLENEUVE D'ASCQ,  France",https://www.bonduelle.com/en/
imgs/14p339ArTCeGXd_CyUBWs7lr-pwL8ReH2.png,2016,,"Haarlem,  Noord-Holland",https://www.olijckseaveggies.com/
imgs/1DlMpun2HJV3clZSG6Pb8meJa8eTeVJcM.png,2017,"Mine Uran, Majbritt Byskov-Bridges",,https://www.alver.ch/
imgs/1pDNxLQeK5Zklv6YJwYp31DG6Xv1vt9qK.png,1993,Max Shondor,"Chicago,  IL",https://www.bocaburger.com/
imgs/1qjCy42N2C0slZpZOQbKcdmsxaa4wHBPh.png,1981,,"Bristol,  United Kingdom",https://www.cauldronfoods.co.uk/
imgs/1Wcz06UerigGjQ6V9FPp6q_VXvP_8vD74.png,1988,Jens Møller,"Herning,  Denmark",https://caviart.com/
imgs/1OBpNOiW0EQ7nf_NOEXPSIozzo8iarSZV.png, ,,"Oslo,  Norway",https://www.orkla.se/brands/anamma/
imgs/10UER-QGkryERyifO1KWr_NYqj5w_HLSA.png,2008,Andre Kroecher and Greg Blake,"Vancouver,  British Columbia",https://daiyafoods.com/
imgs/1GgY-NAUZieYAROvNk9mXIjKpd164e-Rg.png,1986,Grete Remen,"Heusden-Zolder,  Limburg.",https://www.damhert.be/
imgs/1t3uqEj5cE5OIm2zbbxdLhUw36G-6-HHM.png,2015,Maija Itkonen and Reetta Kivelä,"Helsinki,  Helsinki",https://goldandgreenfoods.com/
imgs/1v9_Px4VjuuRC5bHtZAWhqx0xk-XE0bLp.png,2011,"Ryan Cunningham, Lindsey Cunningham","Boulder,  Colorado",http://www.rollingreens.com
imgs/1gLoCrHW-Dr8jgMt9JdZHDRPnAYggizDO.png,2020,Astrid Prajogo,"Qingpu Qu,  China",https://www.haofood.co/
imgs/1rjrlt6yHAabM7W1pAQyul8r-oF5Mfqg6.png,2017,Christie Lagally,"Seattle,  Washington",http://www.Rebellyous.com
imgs/1emkiX096krNMJGPRKWZl-nvjpBs0StzV.png,1986,Neil Barnett,,https://www.gardengourmet.com/
imgs/1w6R4iEymwBicZVnTFvwjvdraS3d2gUKP.png,2018,"Kati Ohens, Csaba Hetényi","Budapest,  Hungary",https://plantcraftfood.com/
imgs/1Vre--TFuSlKE8ZodnpNW9_IWqj-dR1m3.png,2018,Jorge Jordana,,https://greenandgreat.eu/en/home/
imgs/1KzCUSEhj0fl6kVt39HdY8v03OWxmrX3H.png,2018,Jenny Goldfarb,"Los Angeles,  California",https://unrealdeli.com/
imgs/1F90RcjZIQJgsjlHxYUYKm8Y0koo_6S9H.png,1985,Paul Wenner and Allyn Smaaland,"Irvine,  California",http://www.gardenburger.com/
imgs/1ELXuMcrbzr9h-BwrnMRYWUKQDB1EmAgX.png,1996,Chef David Lee,"Seattle,  Washington",https://fieldroast.com/
imgs/1UxUff9aPyUVhYCvcSTsNEk0M7YzAH68H.png,2019,Marcos Leta,"Rio de Janeiro,  RJ",https://www.fazendafuturo.io/
imgs/1wRwDGkOxqMkgQU4eOdDRWuDS9h_JYzi9.png,2016,Simeon Van Der Molen,"London,  England",http://www.movingmountainsfoods.com
imgs/1yN8hsvPS29rtl8a66hGSU8bfvY4-0drE.png,2011,Patrick O. Brown,"Redwood City,  California",https://impossiblefoods.com/
imgs/1reM40kB8ET0m2bVRgYFSt2F6_p8OesdM.png,2018,Rupinder Singh & Simarjeet Singh,"Faridabad,  Haryana",http://www.misterveg.com
imgs/1nGBKhO1ZZ4N_SVskK_oqBB3V6dDok9Js.png,1989,Colin and Justin Chou,,https://growthwellfoods.com/
imgs/1Ma4j0UwdMTnKWXcjfVny-SiLdA24ZEJ0.png,1969,Geoffrey Ginster,"Callington  Cornwall,  GB",https://www.ginsters.co.uk/range/vegan/
imgs/1n9W_zbu5MscjnA6o2mSaK8ENup4CHx74.png,2012,Jaimen,,https://www.meatthealternative.com/
imgs/1BmYji3jYwtDDxA-Vn0dCM7Tg9RsesU7T.png,2015,Sylvain Karpinski,"Montreal,  Canada",https://gustafoods.com/en/
imgs/1fJWDwvP4pNyzii_ConDm1wzYDOXB0gTl.png,1935,Beat Stoffel,"Redditch,  Worcestershire",https://www.huegli.com/
imgs/1YYDaIGgZPtF5FQNpMO7Aq18GTDI7yc8p.png,2018,Vince Lu,,https://zhenmeat.com/en
imgs/1xTkrGbR26znC_XRpykk-bPDAR1yUYHrc.png,2017,Chef Chew,"Oakland  CA,  US",https://www.somethingbetterfoods.com/
imgs/1_NDHcjlThXezSPnfV4rIl_kJ6yhItLkI.png,2014,Emmanuel Plisson & Benoît Brehier,"Lyon  Rhone-Alpes,  France",https://www.hari-co.com/en/
imgs/1XSz9dKDL4YMjGQYOADwkav6BPZKh_QUq.png,2016,"Derek, Chad Sarno","Austin,  TX",https://wickedhealthyfood.com/
imgs/1DR0E48hnSe78DWUnCj-jh3N7HqGp6qxX.png,2018,"Martin Williams, Johnathan Bonnell","Toronto  Ontario,  Canada",https://whollyveggie.com/
imgs/1OFf7MwfN5FBi0DrYiKHEI-WeNbQA_tEW.png,2017,Marc Coloma & Bernat Añaños,"Barcelona,  Barcelona",https://www.heurafoods.com/
imgs/16FH5xR3qy6ksg6WwzI6SeCXAzIcn2uxy.png,2009,Don Otis,"Tennessee,  United States",http://heritagehealthfood.com/
imgs/187V1aFbapj4H_SbALWS0023mmIrexAWH.png,1935,Toni Hilti,"Schaan,  Liechtenstein",https://hilcona.com/en/
imgs/1TG1SdEhzbSeHEA973AFYgk9suTP_At7X.png,1957,Gianpiero Calzolari,,https://www.granarolo.com/
imgs/1pOcHjHyuZZBV8Oa7cj4zkkJbJwCYuFDR.png, ,,,https://livlaga.hoff.no/
imgs/1TrP6buAhv_vqgi_jo110Deua1ZKyS_xo.png,2013,Timo Recker,"Düsseldorf,  Germany",https://www.likemeat.com/uk
imgs/1DkC_WRkBS1LAG2tFMXFN1AsVVvq9epe_.png,2016,Ricky Lin,,https://www.life3.co/
imgs/1ynZR23i1AbXj53SOuDAk8j3tqDbCGPFi.png,2016,"Vinh LY, Frédéric BEHAR & Pierre-Alain HOFFMANN","Toulouse,  France",http://kyanos.bio/
imgs/13uxI5Wre7IMw4pLNzuTGzHfElbRgbJgE.png,1958,Gregg and Jeff Hamann,"San Diego,  California",http://www.jensenmeat.com/
imgs/1pLHAbVIb1YwxuzyTIWC8xtyo6Q8ZVXev.png,2011,Annie Ryu,"Boulder,  Colorado",https://thejackfruitcompany.com/
imgs/10RNp6zq1pLc69oM4oMJ3w0eTcpVUWe8R.png,2020,Chris J. Rufer,"Woodland,  California",https://www.morningstarfarms.com/incogmeato/home
imgs/1aosQ-QyqZdnEAe7gYoHslh1Jv_5lfI4N.png,2005,Hilary Brown,"Lawrence,  KS (United States)",https://hilaryseatwell.com/
imgs/1do22RuAF8pRqPGaH1h6Kops2NPJ9rCfs.png,2017,Jessica Chan,"London,  GB",https://www.weareima.co.uk/
imgs/17Y0Ojho5921_ybiqu-k7B2Sr5ZCi5fzJ.png,2015,"Matias Muchnick, Karim Pichara and Pablo Zamora","San Francisco  CA,  US",https://notco.com/
imgs/16I_dQeOk9i_fSv8Wl9UFXqUr8ikv616D.png,2015,Noam Gottesman & Martin E. Franklin,,https://www.nomadfoods.com/
imgs/1Hm-80r09TuwC94WoGdOKnfwsOxf8vwhM.png,2016,Diego Vidal,"Los Angeles,  California",https://maikafoods.com/
imgs/1Igqu1XaVL93lDBw94Njpb4RcjWNOCFjq.png,2019,George Vou,"Larnaca,  Cyprus",https://themightykitchen.com/
imgs/1v7VOEnbtImG5_XxA4gIPVQsnabVrdt2q.png,2012,LaForce Baker,"Chicago,  IL",https://www.moonmeals.com/
imgs/1NskIvIwu81TlNKcd2wipbgw3AbHkbg-i.png,1975,,"Streetsboro  Ohio,  United States.",https://www.morningstarfarms.com/en_US
imgs/1somMONVnsHVGadByIZGgYS4HaARjPKbi.png, ,,,https://naturinni.com/
imgs/1sr4R-bl1TSDAG79k1Ubsa3k5aQ6g3n1h.png,2012,David Yeung,"Kowloon Bay,  Hong Kong",https://omnimeat.co/
imgs/11sH0JiD9g1ev-XDhk54Sp_AD38boO30G.png,2014,Anders Wallerman and Anna-Kajsa Lidell,"Mjölby,  Sweden",https://oumph.uk/
imgs/1BeGg6IN8g4HRb-nk1znsPo5PIrX-g9le.png, ,Suzy Amis Cameron,"Los Angeles,  California",https://omdfortheplanet.com/
imgs/1mSq9ofp3fiVw3r---zPWfuVtV4ok4wpA.png,2001,,"Charleston  WV,  US",http://www.primalspiritfoods.com/
imgs/1_k4TOsmUtdwijROFqm_LNGPXLddRZ392.png,2009,"Frank Giezen, Jeroen Willemsen and Wouter Jansen","Ochten,  Gelderland",https://www.ojah.eu/
imgs/1lNohJ8LqZ46xzv-AbhesEUGeL94nrtBs.png,2016,"Dr Pierre Calleja (biotechnology of microalgae), Dr Alain Guillou (PhD in nutrition), Pr Claude Gudin (world leader of microalgae), and Soraya El Fathi (specialist in luxury agribusiness)",,https://www.odontella.com/en
imgs/1miin3YBTcIHaZ4Nx6cQQV9hDSNo2I7dJ.png,2018,Ben Pasternak,"New York,  NY",https://eatnuggs.com/
imgs/1eYnhf83zmgv4Rja3ZI0s8qFOCajt5v8b.png,2014,Sadrah Schadel and Mike Woliansky,"Asheville,  North Carolina",https://www.noevilfoods.com/
imgs/1ZFFSUlGKe8VAsvkedDSqVHELv3XFED-W.png,2009,"Douglas Hines,",,https://atlanticnaturalfoods.com/neat/
imgs/1Axkq_Z_YlWPkzaDG7RrQdfikWvrc_PAQ.png,1998,Poul Agger,"Aarhus,  Denmark",https://www.naturli-foods.com/
imgs/1yAaEoRNHTUIbNFGfJQZqb3T_6N8zXN-_.png,2019,Mehul Mittal,"Jaipur,  India",https://www.ohveg.in/
imgs/1CGqECIOevNBaneHKDTXiUk5olMUrNu9q.png, ,Jack Yap,,https://phuturemeat.com/
imgs/1XAayEvPTac7Y7K87pxUsQLtNQXjDWYP7.png,2019,"Pascal Bieri, Lukas Böni, Christoph Jenny and Eric Stirnemann",,https://en.planted.ch/
imgs/17EguRstwDp4LEx5Z3sVq4x5Bs3U5fztu.png,2015,Jeffrey Harris,"San Diego,  California",https://www.plantpowerfastfood.com/
imgs/1afB40WjMZUpkhx0LooMRuO60PFmrzks_.png,2018,"Barak Melamed, Itai Farkas & Shlomi Goren","Ashdod,  Israel",https://www.rilbite.com/
imgs/1fpC1Tv40-SX1wUJrZgEsCSsCUaGuhXBA.png,2014,Moshik Roth & Salem Samhoud,,https://samhoudfood.com/
imgs/15adUVTFzbKeLt9bEocz47QMyqj2fbnsS.png,2011,Kelly and Brian Swette,"Moss Landing,  CA",https://www.sweetearthfoods.com/
imgs/19YhtdfDa0LL09oYGBhtVsh7Dkei0ix0q.png,1990,Henk Schouten,"Giessen,  Noord-Brabant",https://www.schoutenfood.com/
imgs/1AQq1HjL2QnQtN8WsmJmQSG-uFb27ctRI.png,2015,Shama Sukul Lee,"Auckland,  NZ",https://sunfed.world/
imgs/1SZMzF1rdox6XHj3QK66Y6S2WgcyhlW4Z.png,2019,Dr. Sakib Rahman,"Dubai,  United Arab Emirates",https://www.justveganme.com/
imgs/1-lf0Bp2JeEak5TtLLFPF9lt68YUwZxbM.png,1972,Joseph Schwarz,"Neckarsulm,  Germany",https://www.kaufland.com/
imgs/1K81iqJMdGpNFX8QSzMtz7f0SjxMc4z_W.png,2019,Cédric Meston and Guillaume Dubois,"Paris,  France",https://lesnouveauxfermiers.com/
imgs/1cTvLRbqgWBMTQjaPPKtDYsAr6vhVDpNN.png,1866,Henri Nestlé,"Vevey  Vaud,  CH",https://www.nestle.com/
imgs/1BX-1tYXpxK_nMqwxrjzAGx9B3v9KBPHn.png,2019,Smith Taweelerdniti,"Chiang Mai,  Thailand",https://www.letsplantmeat.co/
imgs/1V_sLO5Zd-z6zgsU3hYkEr0Vx-APKrMxx.png,2016,"Nick Abear, Steve Swindon","Aylesbury  Buckinghamshire,  United Kingdom",https://www.loveseitan.com/
imgs/1XhH6-NneprPloDCdzniIxCvrVRmWzIM3.png,2015,Tsuyoshi Ide,"Kumamoto,  Japan",https://www.daiz.inc/
imgs/1wTELNxfbmXWOlYU1C6hkZYjhfw1xdwUg.png,2017,"Lee Cooper. Jeni Cooper, Zack Werner","Cornelius  North Carolina,  United States",https://barvecue.com/
imgs/1dVF_7Ef9nlptH_BaPHWCsIB6VIxznm5k.png,2018,Christiana Zhu,"Beijing,  China",https://marvelousfoods.com/
imgs/1cZOdi5bmPZZeXo9ROQ6HDn8qGd2Obrqx.png,2020,Marfrig Global Foods,"Sao Paulo,  Brazil",https://www.adm.com/
imgs/1dWtisP8Yo-GDrnarHz80HwUsI0sKlV1q.png,2018,Samantha Edwards,"Decatur,  Georgia",https://newbreedmeats.com/
imgs/1akha4rx3_27dsoWdF_GgRGp2GqiKtg8H.png,2019,Adrian Spierings,"Sunshine Coast,  Australia",https://www.oceanorchards.com/
imgs/1ocUEdJqvPPNUQr77yNMTny-7IOtnP3vT.png,2018,Lawrence Hill,"Knutsford,  United Kingdom",https://plant-power.co.uk/
imgs/16YafPOCCIKZsS4W_conhNomulGsZ_ZMi.png,2019,,"Gilching,  Germany",https://planty-of-meat.de/en/
imgs/1-OlzuJqMON0jRYNm1bHbka7WLRNpjwf0.png,2018,Francois Cardinal,"Mirabel  Quebec,  CA",https://vegeatfoods.com/
imgs/1LqnKZaG3LKH-Dd8nU5QXb724pdHTZouy.png,2012,Kroger,"Cincinnati,  Ohio",https://www.kroger.com/b/simpletruth
imgs/1DlJe6FoTHTpTc6FQAg-X53yMw7ueJVIO.png,2013,"Fabian Breisinger, Nicole Breisinger","Palm Beach Gardens  Florida,  United States",https://www.sunflowerfamily.us/
imgs/1Zd3iBY4VgWAepxm_xcRq1VvxlxTbZ5PN.png,2018,Kerry Song,"Costa Mesa  California,  United States",https://abbotsbutcher.com/
imgs/1Iu_W-r6K-2KuxgdJ_0q3p3yjOaBqh-G1.png,2018,Paul Shapiro,"Sacramento  California,  United States",https://www.bettermeat.co/
imgs/11p09SU9JNKwXh2xdQGLsdb-Hz-QKTqWz.png,2017,Jaesik Yang,"Anyang,  South Korea",https://www.theplanteat.com/
imgs/1ad4-bhdvjRLNoIhQT96_cs7s2o44Xe_B.png,2011,"Aubry Walch, Kale Walch","Minneapolis  Minnesota,  United States",https://www.theherbivorousbutcher.com/
imgs/1HmpRYk-XOChRlWMYtIIL7pB-t9v--ZVG.png,2016,Morten Toft Bech,"Leeds  West Yorkshire,  United Kingdom",https://meatlessfarm.com/us/
imgs/1ji84BnnZnjqi4VoC2K80VzpLQrwGeVZU.png,2016,James Davidson,"Victoria,  Canada",https://www.verygoodbutchers.com/
imgs/1SFAFvv1XtkiAxrHBgogLLpZzX29fLUCQ.png,2020,Zikooin,"Seoul,  South Korea",https://zikooin-market.com/
imgs/1C00ODvZzk9otPnmDaDt9jocItsedtqUH.png,2013,Hakeem Jimo,"Ikoyi  Lagos,  Nigeria",https://veggievictory.com/
imgs/1BiRKr7F1C9IgPgn5ToCH5tSnDNnXYAso.png,2019,"Stephen Michael Co, Carlo Antonio Ng and Carissa Jane Lim","Manila,  Philippines",https://www.wthfoods.ph/
imgs/1mXeRajhr8oAKoTPs8gVxk1OEm2Msj1la.png,2010,Tomi Järvenpää,"Vantaa  Southern Finland,  Finland",https://www.beanit.fi/en/
imgs/1e2MbLDnZ5Tgr0wIppr4B_SP5ZYEo9YOK.png,2019,Kantapong Tanachotevorapong / Vorakan Tanachotevorapong,"Nakhon Pathom,   Thailand",https://www.morefoods.in/
imgs/1jZXeY75BgroPEp2OjG9sC978XarHPXn_.png,2020,Wiphu Loetsuraphibun,"Bangkok,  Thailand",https://meatavatar.com/
imgs/1HSYspByRSIBOnaboOCvt9_Qg-3aiP3Jj.png,1993,Grace Su,"El Monte  California,  United States",https://veganforall.com/
imgs/1o2v2jwmgqevghA-ExclHzLMU71nA0DNz.png,1997,David Son,"Richmond  BC,  Canada",https://www.happyveggieworld.com/
imgs/1zFqb0Ro2xxjebiuWU9tOO9MrzuqVzU--.png,2014,Peter Abeysekera,"Port Saint Lucie  Florida,  United States",https://www.mementa.net/
imgs/1gfSkQU-BnCX8cq2g5iUQsT4lv8fxvYw4.png,2010,"Mark Mebus, Mark Barone","Long Island City  New York,  United States",https://www.blackbirdfoods.com/
imgs/1ellQElSz4k0V2Ucl2cg2GzoLoWMiECX0.png,2011,Tiffany Wilson,"Chicago  Illinois,  United States",https://www.feedyourheadfoods.com/
imgs/1O1ZNin2bF_xx9jwnulQVNx-ktqKOp1VF.png,2019,Douglas Kantner,"Los Angeles  California,  United States",https://www.longevebrands.com/
imgs/1DEpr0_jlfCuGBwUc2pkeY_RFH-KjP5mE.png,2016,"Mike Simms, Carmen Santillan and Gary Huerta","Los Angeles  California,  United States",https://www.plantranchfoods.com/
imgs/1F-gDYIzYKF6UEoty2X0FDx2ie-2D-pmt.png,2018,Stem Kent,"Windsor  California,  United States",https://kemafoods.com/about-us
imgs/1FIVyTf_9p1E2LFuvKMh07YxPjyGdWUsz.png,2016,"Peter Fikaris, Christina Fikaris","Berkeley  California,  United States",https://www.thebutchersveganson.com/
imgs/1yiRqZR6pGGwITFKYgqtW-rAEQc26jxi_.png,2018,"Mary Bentdahl, Dissaya Theerakaosol","Los Angeles  California,  United States",https://www.shroomeats.co/
imgs/1eOMWMTSg5ekRngwA_Y3WbZqJH6Ji46mk.png,2013,Marina Benedetto,"Brooklyn  New York,  United States",https://yeahdawgvegan.com/
imgs/1t2yt8oonm3q7Fl1m-9dfRm2ZNwG5G97X.png,2011,"Marisa Osonphasop, Sonya Osonphasop",,https://www.naturescharmveganproducts.com/
imgs/1VLy6I6GmAXL9UWEKGdj6TSDZOJnj2B0E.png,1982,,"Los Angeles  CA,  US",https://www.donleefarms.com/
imgs/1_AsdB21720ZcI_g-2tpD7VieESShzaYF.png,1970,"Michael Besançon, Bob Goldberg, Paul Lewin, and Spencer Windbiel","Chatsworth,  California",https://followyourheart.com/
imgs/1PTFcR3mGIeCly9me6Dx69LggfIWNomVP.png,2011,Josh Tetrick & Josh Balk,"San Francisco,  CA",https://www.ju.st/en-us
imgs/1miIfBGZz9e6XYbbwB0Wazs9rI3Uj2GNH.png,2018,Chris Geiser,,https://myey.info/
imgs/1_D2z2bLN8rt0d4y0bFqaG-jrgvB5FeY4.png,2016,"Subhash Nandkumar, Jyothi Nandkumar","Denver  Colorado,  United States",https://nummynibbles.com/
imgs/1FppwHuNcemDcjAUEXDHf8Lp0JCWjI_4i.png,2020,Kartik Dixit & Shraddha Bhansali,"Mumbai,  Maharashtra",https://evofoods.in/
imgs/1AoybAcTfU6X9eSTap_3rLSmuj6LdkGlL.png,2014,Arturo Elizondo and David Anchel,"San Francisco  CA,  US",http://www.clarafoods.com
imgs/1K7dhhcRN8zlhdDG6AkNhRlrIUtyaOKZb.png,2018,Amiel David and Liron Nimrodi,"Kfar Saba  HaMerkaz,  Israel",http://www.zeroeggfood.com
imgs/1yNhf3-m461TnqUmlKXAiMn2yxlSVwyVC.png,2018,Giuseppe Scionti,"Barcelona,  Spain",https://www.novameat.com/
imgs/1XdDvdLOVRF81JVC6qag6Y0pMUyrWUqgp.png,2018,Adam Lahav and Eshchar Ben-Shitrit,"Rehovot,  IL",https://www.redefinemeat.com/
imgs/1kl4tak7k8T1mijfM4kxqGPUexHu_nmiW.png,2018,"Racheli Vizman, Oded Shoseyov and Ido Braslavsky","Ness Ziona,  IL",https://savor-eat.com/
imgs/1SybFldniFz3vrc5N0SqfB1O5nym7n9eP.png,2020,Santiago Sala,"Tudela,  Spain",https://buenggies.com/en
imgs/1GOnd2fhBm3V3WP0m_rzHPQs2nEBnX4cu.png,2020,Monica Talbert,"Grimstead, United States",http://plantbasedseafoodco.com
imgs/1-2o9ZFHOvv_Pan84o3alxw1oxL3-Jgha.png,2020,"Sebastian Rakers, Simon Fabich","Berlin, Germany",http://www.bluu.bio
imgs/1BYVfpJRq63-7ZZ0CoMSuxhEvwIZ8cygy.png,2019,"Darren Nesbeth
Henri Kunz","Amsterdam, not understood",http://www.Magiccaviar.com
imgs/1f2NhlOHmoIlPrgDGPnB_rhORLafIZ884.png,2019,David C Winegar: Giovanni Vaccaro,"Helsinki, Finland",http://plantagusto.com
imgs/1FOyuxVDrBiPtRaLrP1ihQSj26OYXA_Wr.png,2015,Ocean Hugger Foods,"New York, United States",https://oceanhuggerfoods.com/ahimi
imgs/1Sq0IDstSXV5FMSLGx7sd6U3bpM4GE02d.png,2019,Eben Bayer,"Green Island, United States",https://www.atlastfood.co/
imgs/1U49G6PBxsP73fSde7Q5fln5NJy9fcaV5.png,2018,Carrie Chan,"Hong Kong, China",https://www.avantmeats.com/
imgs/1EolY6WAjivJr22flWW-hHMGkfYn3cGsX.png,1992,Marie-Dominique and Patrick,"Brittany , France",https://marinoe.fr/
imgs/1J5jKOThwFqlCmhpNT2Mx-hAMQy1w7w6L.png,2016,Tyler Huggins,"Boulder, United States",https://meati.com/
imgs/1kvh0dmq4YN0E2Ah8McnmgwZmv2ylGDYE.png,2015,Dominique Barnes,"San Francisco, United States",https://www.newwavefoods.com/
imgs/1Bq2NK458Y3x-ia5OfDYoijbPOaUQ80sz.png,1985,Marlow Foods Ltd,"Stokesley, United Kingdom",https://www.quorn.us/about-quorn
imgs/1dAAERpFAn1iQH1Sh36HQ0P8ue5vvjMYP.png,2015,Willem Sodderland,"Amsterdam, Netherlands",https://www.seamorefood.com/
imgs/1FOyuxVDrBiPtRaLrP1ihQSj26OYXA_Wr.png,2019,Ocean Hugger Foods,"New York, United States",https://oceanhuggerfoods.com/unami
imgs/1N3bloWTPYRAfpHQjvjoe4NBWubiU_z04.png,2020,Shelly Van Cleve,"Grimstead, United States",https://vancleveseafood.com/blogs/news/wild-skinny-clean-plant-based-products-now-on-wild-skinny-clean-com
imgs/15jCzR5VC1zmTB24gqXwWulmyRZ9_RrHu.png,2020,"Julian Hallet, Robin Drummond","Munich, Germany",https://www.happyoceanfoods.com/team
imgs/1aE5EH2NIxo46w5DdPKalXVgi15gWVSA5.png,2017,Kimberlie Le and Joshua Nixon,"Berkeley, United States",https://www.primeroots.com/
imgs/1wGyxBLNhW6hPlL3lrRYz436EVTDmmwUP.png,1963,Sophia Maroon,"Landgraaf, Netherlands",https://www.sofinefoods.com/en/
imgs/1zI6qZbsVU5xEFdSjL9hO6em4N74XaEOH.png,2017,Michael Selden and Brian Wyrwas,"Emeryville  CA,  USA",https://finlessfoods.com/
imgs/1zYyEMwXTH-hCyXfUe7u5WUWh7j2oHZmN.png,2018,Josh Pollack and Valentin Fulga,"Toronto,  Canada",https://cellagtech.com/
imgs/1ATI_ejt6jwPX4IvKieyR3IxK8QPVEcnF.png,2017,"Lou Cooperhouse, Chris Somogyi and Chris Dammann","San Diego  CA,  USA",https://www.bluenalu.com/
imgs/1_l_W0UN90826ZxsLJE_AAJWb_dyhdFoQ.png,2020,John Pattison and Ian Johnson,"Madison  WI,  USA",https://www.cultureddecadence.com/
imgs/1q7lyM4K6vhXBGCdpU4P8YQGy9nPQnwAw.png,2018,Alain Rostain,"Seattle  WA,  USA",https://cleanresearch.org/
imgs/1suVHv8XeFnBnmIy1o0oH37foDW9CESxo.png,2016,"Justin Kolbeck, John Melas-Kyriazi and Aryé Elfenbein","San Francisco  CA,  USA",https://www.wildtypefoods.com/
imgs/1haHQ81aQ0xpu16GLwBePsoxJcySRJZti.png,2018,"Sandhya Sriram, Ka Yi Ling","Singapore,  Singapore",https://shiokmeats.com/
imgs/12_xWWx56_BnKXEhD34OOrQK04ImznlN2.png,2020,Mihir Pershad,,https://www.umamimeats.com/
imgs/1CYZchelg9zshctaRqNPN04lfWOx64ulB.png,2016,Chad and Derek Sarno,"Newtown,  Pennsylvania",https://goodcatchfoods.com/
imgs/1EZq05LzKLO7KixlRSjtFBOrGvfkMjfJd.png,2019,Jacek Prus,"San Francisco,  California",https://kuleana.co/
imgs/190J2EK6poOpP69iq5cOQqsgEOagEFPOT.png,1905,,"Nashville  North Carolina,  USA",https://atlanticnaturalfoods.com/loma-linda/#
imgs/1My0OPDeZYV4ar4uN1In42_KINrxW2KBW.png,2019,"Paul den Dulk, Katja Busser and Maiko van der Meer","Breda,  Netherland",https://www.novish.eu/
imgs/1iBCXoupEp8WwOIzbUryZybqOwCCcfv4B.png,2015,Ko and Lindsey CUNNINGHAM,"Boulder  Colorado,  USA",https://rollingreens.com
imgs/1Ws--lDipSIUKGuKi8KCDhdBJtg85eU3G.png,2011,Eugene Wang,"Sebastopol  California,  USA",https://www.sophieskitchen.com/
imgs/1aCw3OJc-GzTS_EwZl7w9BNXhrDc1JXVc.png,2018,"Atlantic Natural Foods, LLC","Nashville  North Carolina,  United States",https://atlanticnaturalfoods.com/tuno/
imgs/1wZ2qCWHSalHACKzJXBKVHA7BfyWYRe4n.png, ,Pedro Álvarez,"Madrid ,  Spain",http://mimicseafood.com/
imgs/1-9PF_0ftvC0jIFaf8e4_sBh8wMWwMqzT.png,1996,Chen Shun-ho,"Taipei,  Taiwan",https://www.vegefarmglobal.com/
imgs/1cv1_6q9yKb5MnkO29gCHZrXsYX-RahkN.png,1919,Jack Cohen,"Welwyn Garden City,  United Kingdom",https://www.tesco.com/
imgs/1B8Ls8vtG4l6AlCo8uRQg3h1Wd8lezhZF.png,1978,Windmill Organics Ltd,"Kingston Upon Thames,  United Kingdom",https://www.bonsan.co.uk/
imgs/167qWyRv9zHidJxtQBnXyh-xJ8pfU8Xcc.png,2015,Daniel Liboissonnault,"Middleburg,  Virginia",https://www.plantbasedfoods.com/
imgs/1cLzUU3Q78DmeKJbtd2X0iEjFV6lb3RS_.png,1998,Vege USA,"Monrovia  California,  United States",http://vegeusa.com/
imgs/1bquHZt4jT01Dqu1iw6Ml4ZH_HotSL66n.png,2019,"Deniz Ficicioglu, Jacob von Manteuffel","Berlin,  Germany",http://betterfish.de
imgs/19ZMxaJMU2v00lWauHGpBM4nYG9mrJR7f.png,2017,"Theresa Rothenbücher, Robin Simsa, Hakan Gürbüz","Vienna,  Austria",https://revo-foods.com/
imgs/1zMiwB_I7stWU6vpcYuq8ePcUKUELzYrd.png,2016,Doreen Westphal,"Eindhoven, Netherlands",http://botanicbites.com
imgs/1ecxgdT74cFbkmMMkddZDHyj0IM4d6bmX.png,2016,Jason Scott,"Oregon City, United States",http://feralfungi.com
imgs/1uGqGAWodHuNhJqWAH85PxkeY7d7ffgPk.png,2019,"Daria Feldman, Jasmin Ravid","Jerusalem, Israel",http://www.kinoko-tech.com
imgs/1bgnwMgXVYu5uD7GzuTHn6S7NzDGsyfN8.png,2019,Leonardo Marcovitz,"Tel Aviv, Israel",http://www.more-foods.co/
imgs/19eLSpZ-pIza5aPJG955Op6WJ8kZ__aAx.png,2018,Mazen Rizk,"Berlin,  Germany",https://www.mushlabs.com/
imgs/1Qg9Ss7e82pKQ02P1NiY-7JY-M0x7uxgH.png,2017,Ryan Bethencourt,"Berkeley  CA,  USA",https://wildearth.com/
imgs/1my49YtGF_O50iAvR6ZFGKL8GZ-XCnGaY.png,2019,"Jim Fuller, Chris McLoghlin and Michael Fox","Queensland,  Australia",https://fablefood.co/
imgs/15m8bA3VjvWgRiHYWRoVEKJd69FFgCDGO.png,2018,"George Zhang, Scott Valpey and Chris Carter","Rochester  New York,  USA",https://www.leepfoods.com/
imgs/1vt20XsIMweZmJgEufxWpiSSUettSBlD8.png,2019,Matt Feldman,"Los Angeles  California,  USA",https://mokufoods.com/
imgs/1L7kwp-AJ3E_sGx6_Oo22YW_pO8r8tE2o.png,2015,Dr. Andrew Maternowski and Dr. Monica Randles,"Grand Rapids  Michigan,  USA",https://nutcasevegan.com/
imgs/1D81mI2FjxhaUt_wcGqaGjtx8ztGhySQn.png,2015,Dave Anderson and Bill Glaser,"Santa Monica  Califonia,  USA",https://outstandingfoods.com/
imgs/1nglSCP5w8qEcbofPBO7IXPpzr7ukDUHU.png,2017,Wyatt and Hunter Bryson,"Occidental  California,  USA",https://shroomjerky.com/
imgs/1Aq5x_XhgZmmR81go9_lw_7y4w6m9ntdt.png,2016,Simeon Van Der Molen,"London,  England",https://movingmountainsfoods.com/
imgs/1DBAbcE8iAB9sdhRpqxT3gx1_YVR87KF4.png,2016,Gabrielle Radoux et Jurgen Engerisser,"Lomme,  France",http://www.pleurette.fr/
imgs/1dr9EpzBHRHDPNykEKD-8L3uXI1z6csZS.png,1993,Jan Klerken,,https://www.sceltamushrooms.com/en/
imgs/1S8PI11peKiOsai6yVAds5tdJ34Y-ciOG.png,1932,Joseph A. D’Amico,"Avondale  Pensilvania,  USA",https://to-jo.com/
imgs/1szoPnwlkv_D1qJBjI2xqMt0wEykyQLtj.png,2011,,"Vero Beach  FL,  US",http://www.parabel.com
imgs/1B3wAjFKDCcAQ0cJnN5l00HcUMSX-K756.png,1996,Henrik Ingenpass,"Werder (Havel),  Germany",http://condio.com
imgs/1MN8zROiDSGyPCOjKe7P8oAZx9wy4p2Od.png,2014,Perumal Gandhi and Ryan Pandya,"San Francisco  CA,  USA",http://www.perfectdayfoods.com/press-media-kit/
imgs/1QCVsnOkEZKz4h4RUh4B0IyFdZSS-iKNc.png,2000,Thorvald Pedersen,"Dittingen, Switzerland",http://www.novozymes.com
imgs/1tABlwQbQw_TZcDoazkrQm2m884Getphw.png,2020,Aaron Schaller and Darko Mandich,"Berkeley, United States",http://www.melibio.com
imgs/1_EtFlEwqiVSsVs9VoZBhruhh0qh075Q9.png,1941,Peter Rudolf Heiss,"Freising, Germany",http://www.ivv.fraunhofer.de/en.html
imgs/1oWVVLoKFEsVWbtQKui4QrLfGOGClLV0_.png,2010,Fraunhofer IVV,"Grimmen, Germany",http://www.prolupin.com/
imgs/1fl6LyEqKnfjw9eWNMbGaoIAkkU1bqbsL.png,2009,Andrew Spicer﻿,"STEWARTBY, United Kingdom",http://www.algenuity.com
imgs/16kETh6tMqCwXZpPM12karQguMcvrlz4A.png,2006,ICL Group,"Ladenburg, Germany",https://www.iclfood.com/
imgs/1ORNm__km7-d_jZfDkFZtouw5RDXH7PeS.png,1995,,"Branchburg, United States",https://www.lycored.com/natural-colorants-for-food/plant-based-meats/
imgs/18L1Ph71366Cd22zVrAYd_dgxgkcBOs9A.png, ,,"not understood, not understood",https://www.ajifoodsolutions.com/solutions/plant-based/
imgs/1anzRjuIn_t9jjRkvIKyoupdF89IA9DZ6.png, ,,"Canberra, Australia",https://nourishing.io/
imgs/1t0hOGM2-1h42OvasoTnyTsEqlWVABcBR.png, ,,"Camisano Vicentino, Italy",https://www.protillapro.com/
imgs/1eeE_kytlD__5SAtmTGvLiYQyMZBMf9KQ.png, ,,"Winnipeg, Canada",http://www.meritfoods.com
imgs/1_CLpCpTSg_1IdYcMkyLzVcum4TTMxsHj.png,2005,,"Malmö,  Sweden",https://www.aak.com
imgs/1BJg-zXGVqDHzIMYMthykuN-af0IBAjgc.png,2019,"Eugene Wang, Kirin Tsuei and Barnabas Chan",,https://sophiesbionutrients.com/
imgs/1mFoH0XlNjwlC7OH0xuHFcbP9L430WHW5.png,2013,Alvyn Severien and Gaëtan Gohin,"Malakoff,  Île-de-France",https://algamafoods.com/
imgs/17g9rScS20MbUUbyWzUnsmP2Mu8y-3RZ0.png,2017,Ben Kelly and Udaya Wanasundara,"Saskatoon  Saskatchewan,  CA",http://www.algarithm.ca
imgs/18VKjNimvOPSjuZ4PDxzNv_83_iU1a_ZJ.png,2016,Dr. Ilan Samish,"Rehovot,  Israel",https://www.amaiproteins.com/
imgs/1c2xfjY-Q3YLaL1eJxKacZ5C6zTKHaIss.png,2017,Anita Broellochs,"San Francisco  CA,  US",http://balleticfoods.com/
imgs/1HFXnmNOninWY74vUPB38cND6qIA0pvsd.png,2017,,"Durham  North Carolina,  US",https://arbiom.com/
imgs/1roVKcdCCKoq3LYKJQ1CsWWf05e28TvEX.png,2016,,"Rehovot,  Israel",http://www.chickpea-protein.com/
imgs/1GsN6Tf_1eayIf8JjRViMLtOCzBmM95yH.png,2012,Marcel Oogink,"Oldenzaal  Overijssel,  NL",http://www.duplaco.com
imgs/1geDWfRqqBqrYC9k81n5px-fb3OZoZ5NA.png,2018,Peter Rowe and Robert Mansfield,"Nottingham,  UK",https://deepbranchbio.com/
imgs/1z95a84vyF6c-J0w4rhS1Nhu1dlL3O6_A.png,2007,Eben Bayer and Gavin McIntyre,"Green Island  NY,  USA",https://ecovativedesign.com/
imgs/1tItjYLvcJfPF45Y_Uo7BlnQw6GT58QMs.png,2012,Gil Shalev,"Givat Brenner,  Israel",https://equi-nom.com/
imgs/1AZsvt22L8EZ3HcYL3yuJ8EEd9iG4rVOn.png,2019,Edgar Suarez Garcia and Corjan Van den Berg,"Wageningen  Gelderland,  NL",https://www.fumiingredients.com/
imgs/1dLnwYGeJ50jwZQOWsOYevwLOEpk9rboZ.png,2010,Udi Elituv,,http://www.hinoman.com/
imgs/1OsjQDULBXAlWPrq9c60J0K2QxSZuKIwC.png,2016,Christophe Vasseur and Hubert Bonnefond,"Nice,  FR",https://www.inalve.com/en
imgs/1iFHcORcSivza7iV91zAwYg1wBqoYONuj.png,2013,Ascher Shmulewitz,"Raanana,  IL",https://innovopro.com/
imgs/1sSjsOjj5uBXTfyfIEWEh5eVJqzNNodJ-.png,2017,Ruben Rafaeli,"Millstone Township  New Jersey,  USA",https://kinokomushrooms.com/
imgs/1Cc_sEkLZiWezGIhi_nUH4GXQ3NgnFSy6.png,2016,Remberto Martis,"Düsseldorf  North Rhine-Westphalia,  DE",https://www.leniobio.com/
imgs/1Rw4ts_rkUq8gGMur0DaaenqZl2jB9QOa.png,2011,,"Palm Beach Gardens  Florida,  USA",https://www.lekithos.com/
imgs/1YGdJtzXdcV8xaxpYcp-cFWKZtDptRQZ4.png,2005,,"Goes  Zeeland,  NL",https://www.meatless.nl/
imgs/1UnkeMEBrPhOT74KmYmdjpNCdjWqPilYT.png,2018,Mazen Rizk,"Berlin,  Germany",https://www.mushlabs.com/
imgs/14fayaOelt8PXiZ1wdLBXjCFy14Wrld5G.png,1985,,"Deinze,  Belgium",https://www.mycelia.be/en
imgs/1_p7S7jesJKM-Sx53W0IFVF3hMo69AJv-.png,2017,Ramkumar Nair,"Göteborg  Västra Götaland,  SE",https://mycorena.com/
imgs/15p6pN7AJ9a69CLNlQzv3utwmhfSU_L6y.png,2013,"Alan Hahn, Brooks Kelly, James Langan, Peter Lubar","Aurora  Colorado,  USA",http://redesign.mycotechcorp.com/
imgs/18MFZPEnKC0CBUHTseCvdRxWqP0Pkm1V3.png,2013,Sophia Wang and Philip Ross,"San Francisco  CA,  USA",https://www.mycoworks.com/
imgs/1N79p7J0WhCYNhHwARlsdnvNWAZEviw9m.png,2015,Craig Johnston,"Glasgow,  Scotland",https://www.3fbio.com/
imgs/1w_zvzXDMhNpW1PqiSWCA2vhz3byeExc3.png,2009,,"Veenendaal  Gelderland,  NL",https://phycom.eu/
imgs/1lIzeMUOGWdw1eNKJ62zS9wsrapM9GBHY.png,1855,,"Tau,  NO",https://vestkorn.com/
imgs/1lNp07FL_uRIcARprWHH4JrH9axQ6qqRN.png,2009,Brian Sefton and David Tze,"Sunnyvale  CA,  USA",https://www.novonutrients.com/
imgs/1AtTrQlaKamD-HF70n7LydA_-r0TZeCo1.png,2013,Adam Noble,"Peterborough  ON,  CA",https://www.noblegen.com/
imgs/1YRvLvN8tobqaCmZuEzSEHn0mUiZAcJeM.png, ,,"Wiggensbach   Bayern,  DE",https://www.aot.de/en
imgs/1v3K6vNVvOI0MQavXuQkxrRX1mIYhr8YM.png,2013,Michael Spinelli and Richard Kelly,"Richmond  VA,  US",https://www.nutriati.com/
imgs/1JlbiMDMBW2SP3D0hxiS6qtfbNS7H5-Am.png,1996,,"El Viso del Alcor  Seville,  ES",https://www.pevesa.com/
imgs/14gf0ucywTS649oRoND-zReV_eDk0VtVs.png,2018,Tony Martens and Maurits van de Ven,"San Diego  CA,  US",https://www.plantiblefoods.com/
imgs/1I00h3qmX32_ulKqM2_Dya20sJzHo6XNs.png,2018,Leonardo Alvarez and Francia Navarrete,"San Francisco  CA,  US",https://www.proterabio.com/
imgs/1EJmZEIawUQGkAxgWltVllSt3fxftpuCd.png,2019,Lourens Zwart and Hans Derksen,"Raalte  Overijssel,  NL",https://rubiscofoods.com/
imgs/1-_69g_cmMohqHLrf5JrMqDMZHudFSWpn.png,1922,,"Atlit  Haifa District,  IL",https://www.saltoftheearthltd.com/
imgs/1PMqrv8cZ3MuW3gtfWDJQJ_CZ9MK9Z9gb.png,2016,Thomas Stuchly,"Munich,  Germany",http://sunbloom.de/en/
imgs/1SGOdn087dX0c_eLCv4tnI_xMWjLT5nbs.png,1985,,"Minneapolis  MN,  US",https://purisfoods.com/
imgs/1caIFTdusJ-hzwAy8e1q-xF_nWYng6CNU.png,1995,,"Bermericourt,  FR",http://www.sotexpro.com/en
imgs/1cc45dPr1yfzy9y0OZw4XVA4gLfVP6oH0.png,2012,Suzy Amis Cameron,"Encino  CA,  US",https://omdfortheplanet.com/
imgs/15KrNl6U_PiC-NWt55dFtkSQGXpun8_0N.png,2017,Juha-Pekka Pitkänen and Pasi Vainikka,"Lappeenranta,  Finland",https://solarfoods.fi/
imgs/17uWgfqBx7N1C42DJD12hP06-dzPkh0Go.png,2016,Elliot Roth and Surjan Singh,"Los Angeles  CA,  US",https://www.spirainc.com/
imgs/1yZkd-qVoYmJRUaJ5vOk240JOvV0IZG5r.png,2018,Tariq Warsi and Phil Cruver,"San Pedro  CA,  US",https://www.syntheseas.net/
imgs/1ANea1lmgPnJRoGjIvlz-VY0PP3TGVFmF.png,2010,Naveen Sikka,"Oakland  CA,  US",https://www.terviva.com/
imgs/1AKtY_SnK4K89ogfzs9E_CPodkz4pFhjn.png,2017,"Franck Michoux, Franck Pradier, Govind Pindoria, Sarah Meryll Buet","Versailles  Ile-de-France,  FR",http://alkinnov.com/
imgs/17fZif5SSV20SFK5vESm-Re-I4SsvoxNQ.png,2018,Leonard Lerer,"Chicago  IL,  US",https://www.algaesciences.com/
imgs/1u8jo9u7Ty4bq8lLihzgmW3ORRfCBjKup.png,2016,"Natasha Dhayagude, David Brown and Tanzina Huq","Fredericton  New Brunswick,  CA",https://www.chinovabioworks.com/
imgs/1q3RzOpiH8EdJcBA6qUzlqV4qjX10OfgV.png,2013,"Beth Rasala, Daniel Sachs, Jason Pyle, Miller Tran, Nick Hofmeister, Stephen Mayfield and William Julien","San Diego  CA,  US",https://www.tritonai.com/
imgs/1qX554XFNl4BxhR1T7zhLlA_qYH5Wg2Ai.png,2017,Aleh Manchuliantsau and Anastasia Tkacheva,"Palo Alto  CA,  US",https://www.planetarians.com/
imgs/11Fvdg8VZH6AmY8JjlYILgjZsLaPyTZIL.png,2018,Gonzalo M. Segovia and Guillermo Daniel Lentini,"Buenos Aires,  AR",https://tomorrowfoods.com.ar/home-en
imgs/1NupFS5PpVvESyC470ePm3jptEB5hnjYr.png,2018,Karen Scofield and harlie Bavington,"Oban,  Scotland",https://www.oceanium.co.uk/
imgs/1Qa-mkL89uTUGu6CLnJxNDFW_Bane6tzf.png,2019,,"Boston  MA,  US",http://madewithmotif.com
imgs/1VwelFEXWJ36h9SIk58hjZ7IArB_5F_Al.png,2017,,"Houston  TX,  US",https://iwilife.com/
imgs/1-yt_kGUvYjk8trA9MDLdCSpZXkv-dkAh.png,2009,Pal Bakken,"Trondheim  Trondelag,  NO",http://www.seaweedenergysolutions.com/en/
imgs/1JQRuSlrRIgqtOgO1ZP1xSzveCO-ZOj4M.png,2019,Wim de Laat,"Breda  Noord-Brabant,  NL",https://www.theproteinbrewery.nl/
imgs/1-BGK_LXm-P_pXNKVDdDiIVVwcs01ziON.png,2012,"Mark Kozubal, Matthew Strongin and Thomas Jonas","Chicago  IL,  US",https://www.naturesfynd.com/
imgs/1q5PiOHikaEiYheFItSBF6kHMhWccmsjX.png,2012,Emanuele Pizzigalli and Giampaolo Cagnin,"Parma,  IT",https://www.hifood.it/
imgs/1Dc5_lmecg-w53TVkYnU6XU76-dFImc_3.png,2014,Marc Arts,"Wageningen  Gelderland,  NL",https://greenfood50.com/
imgs/1vgkQ6__jheJPsgy3UuqJ_3LlXBQYiEGt.png,1947,Ho Rih Hwa,"Bangkok,  Thailand",https://www.thaiwah.com/
imgs/1J-xFkEu3UTDGo6mdeMu8hnvnYqA-ClGa.png,1991,Danai Pathomvanich,"Samutsakorn,  Thailand",https://www.nrinstant.com/
imgs/1JVseCL73fmPGc0CvStloHwWwunxte1zz.png,1944,Adolf Karl Handtmann,"Biberach an der Riss,  Germany",http://www.handtmann.de
imgs/1Mu6NYqbh25VBpPq2q9YkpoAL4e364Tjz.png,2015,,,http://siccadania.dk
imgs/1_v1GPynEWMWbe4eLaeC8Ye7ljV_8YoMc.png,0,,"Dury,  France",http://www.improve-innov.com
imgs/1KvBpBaQYozRJf_S2Bj2Dh8jpn2hxHl6P.png,2017,Elly Truesdell,"Downingtown  PA,  US",http://canopyfoods.com
imgs/1tywc2PpUSe_wkFfFa9wd-XCSUww05ig-.png,1984,,"Dury,  France",http://extractis.com
imgs/1MWz40MYb9Jm0jbptfXX6vchF1FEKgLGR.png,2015,Karen Hogan,"Philadelphia  PA,  USA",http://www.biorealize.com
imgs/1jrm189soMmKOR1Kh6NtrDGVSgs916wFX.png,2017,Jonathan Irwin,"Lake Mills  Wisconsin,  USA",http://agulosbiotech.com
imgs/1LEYdxPcqe4cOHpbT25Kq1KOyKWLG9EzN.png,1993,,"De Meern,  The Netherlands",http://omve.com
imgs/1MhSfmwySGLL1GUHkDjFHVUu9K89QKYJy.png,2018,Matthew Anderson - Baron & Jalene Anderson-Baron,"Edmonton  Alberta,  Canada",http://www.futurefields.io
imgs/1Zy_B5eGmz3xw7wEeZU-o-T99_54FrZch.png,1988,,"Aidenbach,  Germany",http://www.pan-biotech.de
imgs/1Yy2QAcaMf0t-wJrOyKQznrw9r-JxSG1q.png,1952,,"Amersfoort,  Netherlands",http://www.verbufa.nl
imgs/1lqiWzNdzu7mrHqJTpIWUEckBXp4iWAUf.png,2012,Suzy Amis Cameron,"Encino  CA,  United States",http://omdfortheplanet.com
imgs/1YUfG9rA0yhlHX1HaP1ff2SP55z-GtMUj.png,2014,Wei Sun,"Cherry Hill  NJ,  USA",http://sunpbiotech.com
imgs/1BcEskucryh-RyIdU6d6VEujo_yUhmxED.png,2017,Dr Monika Tomecka & Dr Brian Miller,"Falkirk,  Scotland",http://ufraction8.com
imgs/1jBQsajtPjUUQRvTrE1quQTZLin6Itlf_.png,1860,Adolf Bühler,"Uzwil,  Switzerland",http://www.buhlergroup.com
imgs/1__gzYhSZx6QVzLLkfgu_M7tmuvghO4kb.png,2018,Andrew  D. Ive,"New York  NY,  US",http://bigideaventures.com
imgs/1z4jo_QdLbxBbjuKvpls8P-paBaKnJpZo.png,2014,"Manav Gupta, Bay McLaughlin, Bashar Aboudaoud",,http://www.brinc.io
imgs/1Bxc0py3fcraJqD185RECb9w468ppCM6U.png,2014,Crédit Agricole,"Ille-et Vilaine,  France",http://www.levillagebyca.com
imgs/1shTffgolBK9a9y3jbw9giiGcYncVJZkr.png,2016,Matilda Ho,"Shanghai,  China",http://www.bitsxbites.com
imgs/1S4zTsMXjo6pluQ5WP0UHQ3l1Hiapvflw.png,2017,Barilla,"Parma,  Italy",http://www.blu1877.com
imgs/1yjJBnlleLBH3HlYadylSqnlkoBjeggic.png,2011,Wageningen University & Research,"Wageningen,  The Netherlands",http://start-life.nl
imgs/1-wZDGEeMjRzJFsaLH1Fxu6OSRb0uPjAj.png,2018,"Tao Zhang, Albert Tseng","Toronto,  Canada",http://www.daofoods.com
imgs/1oBHTh5g2xD80-KH30RmAesVe5Hu6R9Ur.png,2008,European Union,"Leuven,  Belgium",http://www.eitfood.eu
imgs/1tSbOtr7iTX586Mb8_UbN2NpEJoQWY6SQ.png,2018,"Coordinated by Deloitte, in collaboration with Amadori, Cereal Docks and Finiper Group","Milan,  Italy",http://www.foodtechaccelerator.io
imgs/1w-hXXJ8Xup6Bg-B9pErJJX03At3r72Ok.png,2014,"Sean O'Sullivan, Shen Tong","New York  NY,  US",http://food-x.com
imgs/1ty2iReoPHlRXqfTuRP2vE3OUN4lZsDuJ.png,2014,"Arvind Gupta, Bill Liao, Sean O'Sullivan","San Francisco  CA,  US",http://indiebio.co
imgs/1GnSFV5P52It0LFsohrCmBPp0mDlmHqMW.png,2001,Pedro Álvarez,"Madrid,  Spain",http://ivoro.pro
imgs/1Uw-NFdtYsUtF0EKTxR1HOXj2l-u0ExOY.png,0,,"Philadelphia  PA,  US",http://plantstationkitchen.com
imgs/1QW5yS5vjzrBmYdsmfzPBcth9QSIjeez5.png,2014,Rusty Schwartz,"San Mateo  CA,  US",http://kitchentowncentral.com
imgs/1yJEFJ_i7Ra6GVTv1NwJMpbGg3FMqqC_b.png,2001,Yukihiro Maru,"Tokyo,  Japan",http://global.lne.st
imgs/1ILOhdLlaP1MEy-kzPTPPAt3vVPm0TOit.png,2016,Atlantic Labs,"Berlin,  Germany",http://foodlabs.de
imgs/1KNZiG0JGn6U22aO5AAIbkY52VtzVNbGG.png,2018,Scott May,"San Francisco  CA,  US",http://mistafood.com
imgs/1EJ81MGak9rmWH0tH3Sq105N5V0xwC9mq.png,2018,"Michael Fichardt, Dr. Nick Walker","Root,  Switzerland",http://www.onebio.africa
imgs/1FZ2hc7X111ZCaUj9rWj5wTDlmDtFUgPr.png,2006,Saeed Amidi,"Sunnyvale CA,  US",http://www.plugandplaytechcenter.com/food
imgs/1YXHYDjAjBbDm7YqBEKy2bc2jiuUw1wem.png,2010,"Alex Farcet, Carsten Kolbeck, Patrick de Zeeuw, Ruud Hendriks","London,  UK",http://www.startupbootcamp.org
imgs/19Awsf9tob7iDtRqS3sRvgM7-rvTiv9y2.png,2018,Sodexo,"Solna,  Sweden",http://sparxaccelerator.com
imgs/1xqojqvSsxH4EMtyY8ZAOHYgdAlyTEsrL.png,2016,Rabobank & RocketSpace,"San Francisco  CA,  US",http://www.terraaccelerator.com
imgs/1JFBKyEXiUKUjyeQ9x0YZuK0W5FYnCsyU.png,2015,Strauss-Group,"Ashdod,  Israel",http://www.thekitchenhub.com
imgs/1IbT89ir0F2qmjWX9F76qngGZIPRaDoI4.png,2016,Vitagora,"Dijon,  France",http://toasterlab.vitagora.com
imgs/1jhyAuekJUQpT6eHT5-kS7DxWooh6wxwG.png,2011,"Jesse Middleton, Matthew Shampine","New York  NY,  US",http://www.wework.com/labs
imgs/1R-gG2bIbVI4BisM-cSvbEHAZcla8936Z.png,2005,"Trevor Blackwell, Paul Graham, Jessica Livingston, Robert Morris","Mountain View  CA,  US",http://www.ycombinator.com
imgs/1G7I1oWKMN8CpEeJ0bB9ywVHSXYNJTtJc.png,2019,Paulo Silveira,"Campinas  SP,  Brazil",http://foodtechhub.com.br
imgs/1ubPcHXFjDshHniIbaRQJhkGkL8k2hR9M.png,2018,"Dr. Bert Tournois,  Rasit Gorgulu, Rene Koster","Wageningen,  The Netherlands",http://www.boxnv.nl
imgs/1qkg7fvkxlaWoi3va-FUSbWjOf3Rkyefk.png,2016,Hamdi Ulukaya,"New York City  NY,  US",http://chobaniincubator.com
imgs/1_uXTZe270kl-pOb3RMSyU2sy_kbCkmip.png,2015,"José Luis Cabañero, Mila Valcárcel, José de Isasa","Madrid,  Spain",http://www.eatableadventures.com
imgs/1DFWjcqqVqvQbxcNqHTfloxk1SDMkDzMF.png,2014,Alessio D’Antino,"San Francisco  CA,  US",http://forwardfooding.com
imgs/151tvrKxkiXuoxwwAZeQjRnbD7a1nZU-9.png,2015,digitalswitzerland,"Zurich,  Switzerland",http://kickstart-innovation.com
imgs/1DPvVsUln6VEsu9TOXkGrzpA9949bSRGX.png,2017,PepsiCo,,http://greenhouseaccelerator.com
imgs/1pPKVh_HWX90alsCJfBCA27xleQN2pnG8.png,2018,ProVeg International,"Berlin,  Germany",http://provegincubator.com
imgs/1ikSbElusZm2VmtAg6xYWLAmlCcGkZ2sU.png,2019,Mars,,http://www.socaccelerator.com
imgs/1S_OCgJpKY0b4aldTUMPkCgNBTFnoWTkS.png,2016,"Kevin Camphuis, Nicolas Raffard","Paris,  France",http://shakeupfactory.co
imgs/1DWL3I4n8_qr51KcMvgqv0JYIXXS81FHj.png,1910,,"Kent  Ohio,  US",https://www.kent.edu/
imgs/1fWdqhmss0F7ljkMPnvtP9odiNykPUtIB.png,1981,,,http://www.ntu.edu.sg
imgs/1Te9xcekzJWD8eIatntZ1Jm5Jw6-pMmjF.png,1905,,,http://www.nus.edu.sg
imgs/1CsgSetXfJjapROkAFqQky1VD4PtHDraW.png,1916,,"Canberra  ACT,  AU",https://www.csiro.au/
imgs/1p6rVnIuqJyOtnVO8eOD1qW6Sl6TdhllS.png,1909,,"Belo Horizonte  MG,  BR",https://www.cefetmg.br/
imgs/10V2IQEkO4FoLTt8zog8KAVGob_5Yy191.png,1981,,"San Adrian  Navarre,  ES",https://www.cnta.es/en/
imgs/17ygAg-oYQrS6qJrqssDgXBaC5mIA1bls.png,1865,,"Worcester  MA,  US",http://www.wpi.edu
imgs/1bewuVk84j1HtrTTdImo-pTJA7VTTbQE8.png,1942,,"Espoo  Uusimaa,  FL",https://www.vttresearch.com/en
imgs/13lzonfTDAcDxOy_me0bYTxEn_NG9bM3d.png,1976,,"Maastricht  Limburg,  NL",http://www.maastrichtuniversity.nl
imgs/10PFOpAVp_Amqf-hgHX7UxZ7UiD_t1Rxg.png,1918,,"Wageningen  Gelderland,  NL",http://www.wur.nl/en
imgs/1mZ7zp3ge0NeWln1L8al6mqK-786lHmLN.png,1912,,"Haifa,  IL",https://www.technion.ac.il/en/
imgs/1rZ4U-qbGDg9-qRKWvIs39cvnAVI6CyUf.png,2017,,"New York  NY,  US",https://www.sentienceinstitute.org/
imgs/18QiJ2kT3n7oeg1cJ3b99jLKpaBbvOrmv.png,1956,,"Tel Aviv,  IL",https://english.tau.ac.il/
imgs/1weO8AniD0G2b326fJRwOABatFZ7OTt1C.png,1887,,"Raleigh  NC,  US",https://www.ncsu.edu/
imgs/1vDIP92BC9__jsUGdaJ0NjyJs11PmljLR.png,1979,,"Kiryat Shmona ,  IL",https://www.migal.org.il/en
imgs/1_vkzmO_a_QsBbVdgdzXEaJ0Zm4OnCkkG.png,1827,,"Toronto  ON,  CA",https://www.utoronto.ca/
imgs/1DbqpC4zzwPfuUZv-R0J6_p00s9gw1pS5.png,1966,,"Claverton Down  Bath,  GB",https://www.bath.ac.uk/
imgs/1smWtVo3nvuFednqSeVZERzrlcWie8JG0.png,1839,,"Columbia  MO,  US",https://missouri.edu/
imgs/1s_ljY3yJae90KuuHtsPmkT15no-bfjK_.png,1925,,"Jerusalem,  IL",https://en.huji.ac.il/en
imgs/1PLmkuAKlYf2183Wcx37A_sjiTelfeXcf.png,1853,,"Melbourne  VIC,  AU",https://www.unimelb.edu.au/
imgs/1H4dd6AvqWhp2LGK-AKyMPe9LxckFvDRq.png, ,,,http://www.pbfa.org.cn/pbfa
imgs/13wTBWskyOlSndS1hUNAvqWjzwRhfTw3H.png,2017,,"Melbourne  VIC,  AU",https://www.foodfrontier.org/
imgs/1YEikM-szRukAEBis4BqyChLSevDmheMm.png,1983,,"Quakenbrück,  DE",https://www.dil-ev.de/
imgs/1L9BHFK87nuLItdth1eC8z7T6MOlh5K1U.png,2015,Jeremy Coller,"London,  GB",https://www.fairr.org/
imgs/152rihgzoiQjEY2qUkcHokR-DyPwRcK__.png,2013,,"Manawatu,  NZ",https://www.foodhq.com/
imgs/11Y2Yjv4s5WUbT6a_PTjcX2fhIsuCcIjj.png, ,,"Poznań  Wielkopolska,  PL",https://roslinniejemy.org/
imgs/1-hCja0mzdyQ3GxJgaqmLURqsyotdD-AL.png,2013,,"Werribee  VIC,  AU",https://fial.com.au/
imgs/113E1nJPNweR3MHvpiZNcBG4tsUM5S3Cz.png,1977,,"Brussels,  BE",https://euvepro.eu/
imgs/10ac6OcZZvJ96QY0bpgte_4PVlc8udSqK.png, ,,,https://www.theproteincluster.com/
imgs/1j83jpx0zt-CXh-jc2R3IJKXRL3sC6TSP.png, ,,,https://shojinmeat.com/
imgs/13J2xTyjQ95QHdZwHFL8xj4Ss4d4AGqc9.png,2015,Anna Sweet and Nate Salpeter,"Half Moon Bay  CA,  US",https://www.sweetfarm.org/
imgs/1WojRCL0O3n0zdgFtvadm_YPtDfoW4GHy.png,2018,Kristopher Gasteratos,"Miami  FL,  US",https://www.cellag.org/
imgs/1YYqswkTa7k2kBZy8lgTIk7Vz1CfZzVwZ.png,2019,"Nathalie Rolland, Nicolas Bureau and Tristan Roth","Paris,  FR",https://agriculturecellulaire.fr/
imgs/1CNerqv7PQ4hOM5dX_pogv-AMcPyZd52I.png,2019,,"Waterloo  ON,  CA",https://www.cellag.ca/
imgs/1bqcg1o8pJaWjzSHwGMxbP9-hDSWx73lg.png,2008,,"Lyon  Rhône,  FR",https://www.l214.com/
imgs/1RfA_2Tpz4JOQEKg7Z8PmqFuAL7bH7iMi.png,2013,,"Aarhus N.,  DK",https://danishfoodcluster.dk/
imgs/1-TFFNJ-QZF9IMiPmnnrW6xsk4-7lRXds.png,2014,Sara Roversi,"Bologna  Emilia-Romagna,  IT",http://futurefoodinstitute.org
imgs/1S_vZi0CRJkzQ7LlhPDtQoJJJ_snJBmXA.png,2004,Jason Matheny,"Brooklyn  New York,  US",http://www.new-harvest.org
imgs/1fUlPQOJRJwKRZACte5DRHvF2rukO92j-.png,2015,Michele Simon,"San Francisco  CA,  US",https://plantbasedfoods.org/
imgs/1gKm430a_uoMW4Kvp8hYgRF5BXvpEzGui.png,2018,,"Mississauga  ON,  CA",https://www.plantbasedfoodscanada.ca/
imgs/1MEfZW2Zl4TwJVt5JIkUj3vErzrrewWnI.png,2017,Roger Lienhard,"Santa Monica  CA,  US",https://www.bluehorizon.org/
imgs/1Kn3YXa7Lp4iG3EmQDWQc6k5RNhsRQXCB.png,2017,,"Wageningen  Gelderland,  NL",https://www.wur.nl/en/Research-Results/kennisonline/Plant-Meat-Matters-1.htm
imgs/1Hi7uk1QM6fDiMfs5nrAm7kPDDTfICMAs.png,2017,,,http://www.proteinesfrance.fr/en
imgs/1Q1OyEbdqL4fzfGeTnI6QT3fM7cDDSlKp.png,2017,Sebastian Joy,"Berlin,  DE",https://proveg.com/
imgs/14coHqKq6gR_5HBcsFtRpojUaM5re8fIM.png,2014,,"Zichron Yaakov,  IL",http://www.modern-agriculture.org/
imgs/1Uk8bjlIezYh4MP5m5LMW9FI54G0LTGvO.png,2016,Bruce Friedrich,"Washington  DC,  US",https://www.gfi.org/
imgs/1-15vENOGeahWFT0VjTornx4ZPpkIaEhy.png,1944,Donald Watson,"Birmingham,  UK",https://www.vegansociety.com/
imgs/1cNwBT382oqobI_YBsZjEgWRuTbJ28nRx.png,2013,,"Le Coudray  Centre-Val de Loire,  FR",https://www.vegan-france.fr/
imgs/1TPVFp4kNOzhYBobeEk6ViRSFarA-qT_Q.png,1982,James Gustave Speth,"Washington  DC,  US",https://www.wri.org/
imgs/1FOPXYnLZ2BM_ggpBW_14GGSHQ-aYfMXd.png,2012,Gary Lin,"Berlin,  DE",http://www.purpleorange.com/
imgs/1l-3Q0G4HCGfseQIlquH0oScqkUwoV2P9.png,2020,Matthew Glover,"York, United Kingdom",http://vegcapital.co.uk/
imgs/1gysq6VurxFMVxt2oj6NchnAtSac3BSZ5.png,2017,,"Tokyo, Japan",http://www.yakumi.co/
imgs/1gHklKaCZGPdTx6gyFHoXQ8iXIL8c_D_S.png,2018,Andrew D Ive,"New York  NY,  US",https://bigideaventures.com/
imgs/1Y3l7CQzMuWm_54eTOxXAqlRlNZfX8D6b.png,2018,Tao Zhang and Albert Tseng,"Toronto  ON,  CA",http://www.daofoods.com
imgs/1hpyNd7ySdeSRcvDiNv9OJ5KMwBJfKeIo.png,2014,"Manav Gupta, Bashar Aboudaoud and Bay McLaughlin","Hong Kong,  HK",https://www.brinc.io/
imgs/14Nq7kIJS3PXtMfNOoP_3Rb5kcj8s79tD.png,2018,Frank Cordesmeyer and Jan Cordesmeyer,"Rheine  NRW,  DE",https://goodseedventures.com/
imgs/1E2--FguschJC6S-V-dAaDUu1CjlBplR5.png,2017,,"St Helier,  Jersey",http://www.beyondinvesting.com/
imgs/1Pu-BzMmTtAXWKcvjeXK9MrnX83AKJ91q.png,2016,Roger Lienhard and Michael Kleindl,"Zurich,  CH",http://www.bluehorizon.com
imgs/14B_nlrWfhCx-7wjTZNmUaBSc_rJgav_D.png,2015,,"New York  NY,  US",https://www.veginvesttrust.com/
imgs/1g6MlMIq8iG1EHvSF0jd3lvaboaYuWDV2.png,2016,,"New York  NY,  US",https://www.unovis.vc/
imgs/1x7PfeYFYP7kQWjMGJH1bVcHCrYJrFr6M.png,2014,"Manav Gupta, Bashar Aboudaoud and Bay McLaughlin","Hong Kong,  HK",https://www.brinc.io/
imgs/1lrHf1UeaqYZoH7GQyO9V562qQtwl2Aix.png,2018,Andrew D Ive,"New York  NY,  US",https://bigideaventures.com/
imgs/1lSF413r98_Cwc12yS6OguHU3t-ZUTVEU.png,2017,Sebastiano Cossia Castiglioni,"Lugano,  Switzerland",https://givemtl.ca/en/home/
imgs/12WinH1iVI8umZSmBPsOvxtyNYJex2mf9.png,2018,Tao Zhang and Albert Tseng,"Toronto  ON,  CA",http://www.daofoods.com
imgs/1efYA_oPfZV2ChPoRcIWtvmMMGbqTra32.png,2012,Isabelle Decitre,,https://www.idcapital.com.sg/
imgs/1xT-98cqutUlWaTJZf1IM56Z5kSqq4URY.png,2013,David Yeung,"Hong Kong,  HK",https://greenmonday.org/en/ventures/
imgs/1ngB4PkVjGk6y710T7t-ncS5Ndvh6ar3r.png,2016,Roger Lienhard and Michael Kleindl,"Zurich,  CH",http://www.bluehorizon.com
imgs/1UV4VtKZ-w9NAQ7v9WKSGJc5Ma0Dd0_y0.png,2018,Frank Cordesmeyer and Jan Cordesmeyer,"Rheine  NRW,  DE",https://goodseedventures.com/
imgs/1EZ2inhIgHpiD00QJxht5HpZaVqfOSTLm.png,2015,,"New York  NY,  US",https://www.veginvesttrust.com/
imgs/1ta8Bkwf8tyedcYoga4VCs8f-4vughkr5.png,2016,,"New York  NY,  US",https://www.unovis.vc/
imgs/1sUIZoKbKCG0QYeUmB6RN-mHZHD7Ki-mw.png,1869,Joseph A. Campbell,"Camden  NJ,  US",https://www.campbellsoupcompany.com/
imgs/1czlu2fb5g7MViNg6b5UTrQ72rPILCmjl.png,1865,William Wallace Cargill,"Minnetonka  Minnesota,  US",https://www.cargill.com/
imgs/14LCZVuFmEDAcdpAxtaKeAF1X8SIYZOe9.png,1919,Isaac Carasso,"Paris,  FR",http://www.danone.com
imgs/1k11wt0in4eXKSEb3PVYA2vV4s2NanCP-.png,1975,,"Oss,  NL",https://www.dalco.nl/en/
imgs/1hmdfHbFalvTEEusEzQIbIt1lBFWc8RcO.png,1925,"Samuel E. Dean, Sr.","Dallas  TX,  US",https://www.deanfoods.com/
imgs/1sXD5U0cjKDAkFt2LLoTf80MsJrspVLUU.png,1998,,"Randers,  DK",https://www.danishcrown.com/en/
imgs/1Aao4V7VRYUc6IIuvKO4KK0bH36dJjH6_.png,1990,,"Taren Point  NSW,  AU",https://freedomfoods.com.au/
imgs/1Qrqh24i4NJpTCZh9p6pV_HJoTTSE4iP2.png,1906,Will Keith Kellogg,"Battle Creek  MI,  US",http://www.kelloggs.com
imgs/1lmpidgCIaM1WhaZCfRAynLBUXmi-lhL2.png,1972,,"Tralee  Kerry,  Ireland",http://www.kerry.com
imgs/1Ti2UV4Y5Lp7DFUAL9y6VpWIc8qrME_A5.png,2015,,"Chicago  IL  US and Pittsburgh  PA,  US",https://www.kraftheinzcompany.com/
imgs/17ZpZGPsrTkoHxMXgbAP5QiYlu5AlkjmJ.png,1949,,"Gómez Palacio  Durango,  Mexico",https://www.lala.com.mx/
imgs/1TK7z-_a2TcQh4k_eYs5CP0qHN1ioZRof.png,1911,Franklin Clarence Mars,"Minneapolis  MN,  US",http://www.mars.com
imgs/1ytFo-F1dU_usjPzcIiqEbpTyP4JRMRib.png,1979,Betty Ang,,https://www.mondenissin.com/
imgs/1bfzoretlhP0bSa-5Onv-gEepDg9VqSPV.png,2012,Thomas H. McInnerney,"Chicago  IL,  US",https://www.mondelezinternational.com/
imgs/1zQ016iiAj_zDzomER8IN0lQHToCN3jra.png,1898,Caleb Bradham,"Purchase  New York ,  US",https://www.pepsico.com/
imgs/1HXKukOrWM2wVhjnAx_k0-TE8SOcU1TBV.png,1946,Karl Albrecht and Theo Albrecht,"Essen  DE and Mülheim,  DE",https://www.aldi.com/
imgs/1jPkEonMN_weh-2ln20tGCDypWANS51IP.png,1866,Henri Nestlé,"Vevey  Vaud,  CH",https://www.nestle.com/
imgs/1LogcZzOuaVUKrpq3_NrG0LuVhl1hDaLu.png,1869,John James Sainsbury,"London,  GB",https://www.sainsburys.co.uk/
imgs/1mdpjkmo6AfioDOUWA4c0nadT8_ieHj38.png,1966,Pierre Bellon,"Issy-les-Moulineaux,  FR",http://www.sodexo.com/
imgs/1r_GcTUpZTemVnBDtIwLrTOWGGbSFGSVt.png,1937,,"Nahariya,  IL",https://www.soglowek.co.il/
imgs/1vHBlZfhR0nljk5YAP3R7ItUSxiewunzj.png,1971,"Jerry Baldwin, Zev Siegl and Gordon Bowker","Seattle  WA,  US",https://www.starbucks.com/
imgs/1oeeEFzlcbo-qFJbEfUb559qLNUiV3E-d.png,1972,,"Utrecht,  NL",http://www.rabobank.com
imgs/11XDaXqKuA-ZDmgZ0cZm7ArP3pB6d6MmA.png,1933,Richard Strauss and Hilde Strauss,"Petach Tikva,  IL",https://www.strauss-group.com/
imgs/11mP_UNJOH9ss-DHr_GR1Hdgn4_9IIIfU.png,1902,George Dayton,"Minneapolis  MN,  US",https://www.target.com/
imgs/1Zoa6lKpjZiM6em1EnRGPIfbGNGa-vqTj.png,1935,John W. Tyson,"Springdale  Arkansas,  US",https://www.tysonfoods.com/
imgs/1OadsByL_BvBWHDn451gNTmuO56zD4xsJ.png,1919,Jack Cohen,"Hertfordshire ,  UK",https://www.tesco.com/
imgs/1QlxtLdvHsCgJgzswjH_D2kst_ZORZLuu.png,1929,,"London,  GB",https://www.unilever.com/
imgs/1dTVjRxpArjV9KoTEEIVbLEmr2Mpx-tLW.png,2008,Douglas Hines,"Nashville  NC,  US",https://atlanticnaturalfoods.com/
imgs/1EDnEaQavOlmOOG_5tHJx3mOkrU0a_Qtb.png,1883,Bernard Kroger,"Cincinnati  Ohio,  US",https://www.kroger.com/
imgs/1IDu3a9w7KKOyZrLnJeJfJ5eCl-pVC9j0.png,1869,Samuel Bell,"Basel,  CH",https://www.bellfoodgroup.com/en/
imgs/1o5uGiLnLYNdmYKFHg3iA3ckgUlbGPNIv.png,2011,Anders Wallerman and Anna-Kajsa Lidell,"Mjölby,  SE",https://www.foodforprogress.com/
imgs/1zMnWd0Wk19Qjk56NkqnUSCdG5myM6iyp.png,1856,"Cadwallader C. Washburn, John Crosby and James Ford Bell","Golden Valley  MN,  US",https://www.generalmills.com/
imgs/1xuwxakdKbMtP_cT8JO-h1DlKHQXhlOp7.png,1982,Frank Mortimer and Doris Mortimer,"Salford,  UK",https://www.glendalefoods.com/
imgs/17IA4kuxHppU1E7FffdTPDTk7Z_7gHxA8.png,1980,"John Mackey, Renee Hardy-Lawson, Mark Skiles and Craig Weller","Austin  TX,  US",http://www.wholefoodsmarket.com
imgs/15rF6lBQYPRx9qmggW3SPtzlwLBl1Yc5-.png,1991,,"Chiyoda-ku,  Japan",https://www.mitsui.com/mgssi/en/index.html
